Country,SPY,IJH,IJR,EFA,IEMG,RSP,QQQ,XLY,XLP,XLE,XLF,XLV,XLI,XLB,XLK,XLU,KWEB,MCHI,EIMI,AGG,IEF,SHY,SHV,TLT,BNDX,TIP,GLD,MOAT,DIA,URTH,ACWI,AOK,AOM,AOR,IVV,IDEV,DXJ,HYG,CEMB,HYLD,LQD,MBB,DFAT,DFUV,DFAC,QUAL,DFSV,DFIV,SLV,IEUR,IWM,SMMD,USMV,DFAX,IUSB,FALN,DFCF,MINT,CORP,BND,IAGG,BOND,GOVT,AGGU,EMB,USHY,IUAA,BBIN,JREG,BOTZ,XAIX,AIQ,CHAT,BLOK,CLOU,QTUM,CIBR,ARKF,ARKW,ESPO,SMH,SNSR,ICLN,PHO,TAN,FAN,DRIV,GRID,LIT,ESGU,ESGD,ESGE,IBB,ARKG,IDNA,XHE,IHF,IHI,SBIO,HEAL,HTEC,EWT,EWH,IQLT,DIHP,SPHQ,XMHQ,JQUA,DUHP,IWD,SPYV,COWZ,MOTI,DFEV,INDA,EWJ,HYS,HYDB,CSPX,XDEW,M1WO Index,M1WD Index,SPXT Index,SPTGCUT Index,SPTGMUT Index,SPTGGUT Index,KURE,CHIQ,KGRN,CXSE,KBA,KSTR,QWLD,QUS,IDRV,IGPT,SKYY,HACK,FINX,SOXX,XBI,IXJ,IHE,PPH
United States,1,1,1,0,0,1,0.97379,1,1,1,1,1,1,1,1,1,0,0,0.002220204,0.940061496,1,1,1,1,0.030844277,1,0,1,1,0.706114762,0.634223004,0.739461524,0.720525196,0.683666227,0.9986,0.080232127,0,0.854608417,0.019273765,0.433541018,0.855392405,1,1,1,1,1,1,0.04360436,0,0.00040012,0.988094047,1,1,0.031015508,0.863328275,0.8422,0.788470212,0.708829709,0.762035238,0.938489647,0.03270536,0.936239677,1,0.397189421,0.00380038,0.851785179,0.900372885,0.00520156,0.704790721,0.438143814,0.873287329,0.726272627,0.7242,0.740832923,0.897086926,0.5932,0.736366586,0.723915686,0.913158799,0.344667685,0.792020798,0.7074,0.3395868,0.993339199,0.543587265,0.163663842,0.5406,0.581383723,0.176147021,1,0.0003184,0,0.898018331,0.91023074,0.815218478,1,1,1,0.853085309,0.720727927,0.848,0,0,0.000177399,0.000700841,1,1,1,0.98897022,1,1,1,0.0298,0.000100513,0,0,0.839657283,0.830235619,1,1,0.706114762,0.634223004,1,0.739461524,0.720525196,0.683666227,0.019951875,0,0,0.004340921,0,0,0.657431486,1,0.31017593,0.8766,0.9249,0.9038,0.808219178,0.865773155,0.9714,0.708070807,1,0.610261026
Australia,0,0,0,0.073929572,0,0,0,0,0,0,0,0,0,0,0,0,0,0,0,0.002175174,0,0,0,0,0.051756529,0,0,0,0,0.01852537,0.016673736,0.009979137,0.011295573,0.013858011,0,0.067426553,0,0.00704326,0.001965299,0.001736918,0.007189873,0,0,0,0,0,0,0.067106711,0,0,0,0,0,0.045822911,0.005159332,0.0036,0.017635982,0.002600003,0.017425983,0.002131547,0.029600326,0.001536393,0,0.015614326,0,0.0060006,0.001434172,0.072521757,0.016238023,0,0,0,0,0,0,0,0,0,0,0.040042904,0,0,0,0,0,0,0.0212,0,0.148420376,0,0.070352328,0,0.0002858,0,0,0,0,0,0,0.00939906,0,0,0,0.059134558,0.064277133,0,0,0,0,0,0,0,0.0295,0.000301538,0,0,0.006025798,0.004525097,0,0,0.01852537,0.016673736,0,0.009979137,0.011295573,0.013858011,0,0,0,0,0,0,0.012602521,0,0.035485806,0.0022,0.0236,0,0.01649835,0,0,0.01550155,0,0
Austria,0,0,0,0.0020008,0,0,0,0,0,0,0,0,0,0,0,0,0,0,0,0.000192386,0,0,0,0,0.015445387,0,0,0,0,0.000463446,0.000439695,0.001233331,0.001171536,0.001051245,0,0.003101623,0,0,0,0.001275204,0,0,0,0,0,0,0,0.00330033,0,0.0050015,0,0,0,0.003901951,0.000404654,0,0.000302,0,0,0.000406009,0.01273014,0,0,0.006148141,0,0.00080008,0.000382446,0.00280084,0,0,0,0,0,0,0,0,0,0,0,0,0,0.0112,0.0131082,0,0,0,0,0.00069986,0,0,0.002629601,0,0,0,0,0,0,0,0,0,0,0,0,0.00236119,0.002102523,0,0,0,0,0,0,0,0,0,0,0,0.003012899,0,0,0,0.000463446,0.000439695,0,0.001233331,0.001171536,0.001051245,0,0,0,0,0,0,0.00060012,0,0,0,0,0,0,0,0,0,0,0
Belgium,0,0,0,0.010204082,0,0,0,0,0,0,0,0,0,0,0,0,0,0,0,0.00168122,0,0,0,0,0.022387357,0,0,0,0,0.00203944,0.001891402,0.002512161,0.002471906,0.002393538,0,0.007603528,0,0.000919408,0,0.003241731,0,0,0,0,0,0,0,0.00710071,0,0.015704711,0,0,0,0.008504252,0.001618614,0,0.000403,0,0.006005994,0.002030045,0.017077188,0,0,0.015223968,0,0,0,0.008502551,0.001412002,0,0,0,0,0,0,0,0,0,0,0,0,0,0,0,0,0,0,0.00629874,0,0,0.008657203,0,0.021695593,0,0,0,0,0,0.01160116,0.02139786,0,0,0,0.002243691,0.007509011,0,0,0,0,0,0,0,0.0181,0.000301538,0,0,0,0,0,0,0.00203944,0.001891402,0,0.002512161,0.002471906,0.002393538,0,0,0,0,0,0,0.00220044,0,0,0,0,0,0,0,0,0.0030003,0,0
Denmark,0,0,0,0.037414966,0,0,0,0,0,0,0,0,0,0,0,0,0,0,0,0,0,0,0,0,0.008289583,0,0,0,0,0.009629795,0.008619258,0.003404431,0.00426389,0.005936844,0,0.030912213,0,0,0,0,0,0,0,0,0,0,0,0.03020302,0,0.054516355,0,0,0,0.021210605,0.00030349,0,0.001410999,0,0.001673998,0,0.006417071,0,0,0.003220455,0,0.00020002,0,0.037111133,0.00927887,0,0,0,0,0,0,0,0,0,0,0,0,0,0.1092818,0,0,0.172905663,0,0.0079984,0,0,0.038235315,0,0.023660793,0,0.03379662,0,0,0,0,0.0239976,0,0,0,0.041705029,0.025030036,0,0,0,0,0,0,0,0.0141,0,0,0,0,0,0,0,0.009629795,0.008619258,0,0.003404431,0.00426389,0.005936844,0,0,0,0,0,0,0.010002,0,0,0,0,0,0,0,0,0.04910491,0,0.076807681
European Union,0,0,0,0.00160064,9.98E-05,0,0,0,0,0,0,0,0,0,0,0,0,0,0.000100918,1.04E-09,0,0,0,0,0,0,0,0,0,0,0,0,0,0,0,0,0,0,0,0,0,0,0,0,0,0,0,0,0,0.00240072,0,0,0,0,0,0,0,0,0,0,0,0,0,0,0,0,0,0,0,0,0,0,0,0,0,0,0,0,0,0,0,0,0.0003277,0,0,0,0,0,0,0,0.003046201,0.000111547,0,0,0,0,0,0,0,0,0,0,0,0.001019896,0,0,0,0,0,0,0,0,0,0,0,0,0,2.00E-07,0,0,0,0,0,0,0,0,0,0,0,0,0,0,0,0,0.00039984,0,0,0,0,0,0,0,0,0
Finland,0,0,0,0.010004002,0,0,0,0,0,0,0,0,0,0,0,0,0,0,0,5.65E-05,0,0,0,0,0.007889985,0,0,0,0,0.0025349,0.002279393,0.001566432,0.001727521,0.002041079,0,0.00900381,0,0,0,0.003789882,0,0,0,0,0,0,0,0.00880088,0,0.016504951,0,0,0,0.009204602,0.000404654,0,0.002922997,0.001400001,0.001574998,0,0.007141079,0.002112541,0,0.004001171,0,0.00020002,0.000191223,0.010403121,0.002924861,0.02070207,0.00370037,0.00240024,0,0,0,0.0155,0,0,0,0,0,0,0,0,0,0,0,0,0,0,0.015171806,0,0,0,0,0,0,0,0,0,0,0,0,0.009154462,0.007408891,0,0,0,0,0,0,0,0,0,0,0,0.000941531,0,0,0,0.0025349,0.002279393,0,0.001566432,0.001727521,0.002041079,0,0,0,0,0,0,0.00470094,0,0.00269892,0,0,0,0,0,0,0,0,0
France,0,0,0,0.111944778,0,0,0,0,0,0,0,0,0,0,0,0,0,0,0,0.00064345,0,0,0,0,0.122101361,0,0,0,0,0.027498716,0.02457301,0.017341162,0.018437637,0.020571875,0,0.084133911,0,0.010446347,0,0.084376523,0.004759494,0,0,0,0,0,0,0.093909391,0,0.174752426,0,0,0,0.052626313,0.006069803,0,0.01965098,0.016298016,0.015259985,0.000507511,0.100084101,0.005185327,0,0.049770665,0,0.01150115,0.000764891,0.103931179,0.030660615,0,0,0,0,0,0,0.0259,0.036918445,0,0,0.018426231,0,0.013,0.00459,0,0.024678951,0.035733968,0.022,0.016996601,0.005263606,0,0.115129746,0,0.0002166,0,0.00479952,0,0,0,0,0.01759824,0,0,0,0.082553462,0.093912695,0,0,0,0,0,0,0,0.0107,0,0,0,0.012239902,0,0,0,0.027498716,0.02457301,0,0.017341162,0.018437637,0.020571875,0,0,0,0,0,0,0.021904381,0,0.078168733,0.0085,0,0,0,0,0,0.02550255,0,0.04250425
Germany,0,0,0,0.086834734,0,0,0,0,0,0,0,0,0,0,0,0,0,0,0.005045918,0.002316508,0,0,0,0,0.108677686,0,0,0,0,0.021337873,0.019199683,0.012532287,0.013588768,0.015645188,0,0.071928458,0,0.005347573,0,0.057579946,0,0,0,0,0,0,0,0.070707071,0,0.127438231,0,0,0,0.050325163,0.007081437,0.0121,0.021565978,0.024398024,0.014275986,0.004263094,0.089940989,0.004033032,0,0.041768322,0,0.00230023,0.001912229,0.079923977,0.02228946,0,0.03520352,0.03320332,0,0,0,0.0108,0,0,0,0,0,0,0.0211039,0,0.055732344,0.107555177,0.0344,0.017396521,0,0,0.078728031,0,0.022139693,0,0.03669633,0,0,0,0,0.01649835,0.016,0,0,0.058092662,0.072587105,0,0,0,0,0,0,0,0.1349,0,0,0,0.004425195,0.004495797,0,0,0.021337873,0.019199683,0,0.012532287,0.013588768,0.015645188,0,0,0,0,0,0,0.022204441,0,0.069172331,0.002,0.0115,0,0.00349965,0,0,0.01130113,0,0
Hong Kong,0,0,0,0.017106843,0.002595328,0,0,0,0,0,0,0,0,0,0,0,0.004438286,0.013984617,0.002623877,8.07E-05,0,0,0,0,0.000515688,0,0,0,0,0.004801902,0.005678196,0.004453517,0.004667158,0.005082986,0,0.013905795,0,0.004131346,0.04062089,0.000526903,0,0,0,0,0,0,0,0.00920092,0,0,0,0,0,0.010705353,0.002326758,0,0,0,0.002657997,0.000101502,0.000207002,9.60E-05,0,0.001951791,0.00220022,0,9.56E-05,0.018305492,0.004639435,0,0,0,0,0,0,0,0,0,0,0,0,0,0.000025,0,0,0.008300474,0,0.00069986,0,0,0.018383507,1.66E-05,0,0,0,0,0,0,0,0.0019998,0,0,1,0.026372192,0.014517421,0,0,0,0,0,0,0,0.0849,0.023620464,0,0,0.000470765,0,0,0,0.004801902,0.005678196,0,0.004453517,0.004667158,0.005082986,0.028574293,0,0.009423559,0.012387507,0,0,0.00860172,0,0.00129948,0,0,0,0.00129987,0,0,0,0,0
Ireland,0,0,0,0.0030012,0,0,0,0,0,0,0,0,0,0,0,0,0,0,0.003128469,0.001054938,0,0,0,0,0.006554611,0,0,0,0,0.009041769,0.009270963,0.004645354,0.005285737,0.006532317,0,0.003901784,0,0.00252267,0,0.01452431,0.006683544,0,0,0,0,0,0,0.00350035,0,0.00550165,0.00030015,0,0,0.003601801,0.001517451,0,0.004332996,0.007799008,0.013586986,0.001319529,0.004864054,0.004321106,0,0.035327413,0,0.01010101,0.04799694,0.007302191,0.01633888,0,0,0,0,0,0,0,0,0,0,0,0,0,0,0,0,0,0,0,0,0,0.003845002,0,0,0,0,0,0,0,0.00740074,0,0,0,0,0.001189395,0.011113336,0,0,0,0.003710017,0,0,0,0.0195,0,0,0,0.012239902,0,0,0,0.009041769,0.009270963,0,0.004645354,0.005285737,0.006532317,0,0,0,0,0,0,0.01210242,0,0,0,0,0,0,0,0.0125,0.01570157,0,0.00490049
Israel,0,0,0,0.007402961,0,0,0,0,0,0,0,0,0,0,0,0,0,0,0,0.000613129,0,0,0,0,0.003312211,0,0,0,0,0.001888455,0.001761983,0.001619498,0.00178064,0.002094296,0,0.008503709,0,0.012685651,0.035566866,0.028017948,0,0,0,0,0,0,0,0.00590059,0,0,0.0014007,0,0,0.006603302,0.001315124,0,0,0,0,0.000507511,0.002380026,0,0,0.001659022,0,0,0.000573669,0.00460138,0,0.00420042,0.00050005,0.00260026,0.0219,0,0.052074423,0.0149,0.037691904,0.036408283,0,0,0,0,0.0051136,0,0.052299937,0.005972785,0,0,0,0,0.005743602,0,0,0,0,0,0,0,0,0,0,0,0,0.007681269,0.006207449,0,0,0,0,0,0,0,0.0205,0,0,0,0.000282459,0,0,0,0.001888455,0.001761983,0,0.001619498,0.00178064,0.002094296,0,0,0,0,0,0,0.0035007,0,0,0.0032,0.0118,0.0699,0.00349965,0,0,0,0,0.03650365
Italy,0,0,0,0.027310924,0,0,0,0,0,0,0,0,0,0,0,0,0,0,0,0.000376052,0,0,0,0,0.078264753,0,0,0,0,0.006098998,0.005470573,0.006141436,0.006159348,0.006194186,0,0.022408504,0,0.006079078,0,0.108862464,0,0,0,0,0,0,0,0.01790179,0,0.044413324,0,0,0,0.018509255,0.001922104,0.0594,0.006953993,0.006499006,0.008761991,0.000406009,0.062202684,0.000480123,0,0.029472041,0,0.00750075,0.000382446,0.026107832,0.004538578,0,0,0.0030003,0,0,0,0.0144,0,0,0,0,0,0,0.0078074,0,0,0.066985892,0,0.050489902,0,0,0.02506831,0,0.0010467,0,0,0,0,0,0,0.00449955,0.018,0,0,0.022335808,0.019523428,0,0,0,0,0,0,0,0.0082,0,0,0,0.004331042,0.009803593,0,0,0.006098998,0.005470573,0,0.006141436,0.006159348,0.006194186,0,0,0,0,0,0,0.0080016,0,0,0,0,0,0.01759824,0,0,0,0,0
Japan,0,0,0,0.227490996,0,0,0,0,0,0,0,0,0,0,0,0,0,0,0,0.005652911,0,0,0,0,0.145971377,0,0,0,0,0.056391742,0.050689715,0.02960459,0.034243113,0.043272031,0,0.22248872,1,0.00172103,0,0.009235635,0.024,0,0,0,0,0,0,0.223322332,0,0,0,0,0,0.162781391,0.006272129,0,0.034061966,0.045095045,0.023923976,0.006394641,0.11271124,0.004417131,0,0.100224456,0,0.00460046,0.00535424,0.245273582,0.056076652,0.330233023,0.00820082,0.03070307,0.0471,0.085550422,0,0.1417,0.03249763,0.01768435,0,0.231572799,0,0.0649,0.0376743,0,0.016959698,0.040864365,0.117,0.014697061,0.098685854,0,0.230886792,0,0,0,0.04659534,0,0,0,0,0.0489951,0.0094,0,0,0.129695568,0.233880657,0,0,0,0,0,0,0,0.061,0,0,1,0.00640241,0,0,0,0.056391742,0.050689715,0,0.02960459,0.034243113,0.043272031,0,0,0,0,0,0,0.071314263,0,0.06397441,0.0434,0,0.0263,0.00079992,0,0,0.04270427,0,0.0460046
Netherlands,0,0,0,0.049119648,0,0,0.00583,0,0,0,0,0,0,0,0,0,0,0,0,0.001158364,0,0,0,0,0.029681125,0,0,0,0,0.014041306,0.012693763,0.009549786,0.010009178,0.010903356,0,0.037815601,0,0.006698792,0,0.017688869,0.012962025,0,0,0,0,0,0,0.076107611,0,0.072421727,0.00090045,0,0,0.029914957,0.002933738,0,0.011891988,0.024098024,0.006595993,0.001015022,0.022252245,0.00230459,0,0.017566117,0,0.00820082,0.002199063,0.048814644,0.020373172,0,0,0.00650065,0.0055,0,0,0.0299,0,0.041127441,0.010840312,0,0.04679532,0,0,0,0,0,0.0086,0.0014997,0.004969922,0,0.052266221,0,0,0,0.00249975,0,0,0,0.01690169,0.01819818,0.0227,0,0,0.065576931,0.040248298,0,0,0,0.0041111,0,0,0,0.0502,0,0,0,0.004707655,0,0,0,0.014041306,0.012693763,0,0.009549786,0.010009178,0.010903356,0,0,0,0,0,0,0.015703141,0,0.003898441,0,0,0,0.04129587,0.066213243,0,0.0090009,0,0
New Zealand,0,0,0,0.00190076,0,0,0,0,0,0,0,0,0,0,0,0,0,0,0,0,0,0,0,0,0.004842845,0,0,0,0,0.000640368,0.000572726,0.000583574,0.000612055,0.000667491,0,0.002601523,0,0,0,0,0,0,0,0,0,0,0,0.0020002,0,0,0,0,0,0.00190095,0.00030349,0,0.003425997,0,0.000295,0,0.00362204,0,0,0.001756612,0,0,0,0.00190057,0.000201715,0,0,0,0,0,0,0,0,0,0,0,0,0,0.0059475,0,0,0,0,0,0,0,0.002226501,0,0,0,0,0,0,0,0,0,0,0,0,0.001284995,0.005006007,0,0,0,0,0,0,0,0,0,0,0,0,0,0,0,0.000640368,0.000572726,0,0.000583574,0.000612055,0.000667491,0,0,0,0,0,0,0.00060012,0,0,0,0,0,0.03879612,0,0,0,0,0
Norway,0,0,0,0.005802321,0,0,0,0,0,0,0,0,0,0,0,0,0,0,0,0.000314715,0,0,0,0,0.006425099,0,0,0,0,0.001505434,0.001390444,0.00150847,0.001575104,0.001704799,0,0.006202247,0,0,0,0.001917481,0.000607595,0,0,0,0,0,0,0.00570057,0,0.013303991,0.003101551,0,0,0.004902451,0.001011634,0,0.002015998,0.002000002,0.006005994,0.000710516,0.004864054,0,0,0.003025276,0,0,0.000382446,0.006501951,0,0.02360236,0,0,0,0.009159021,0,0,0,0,0,0,0,0.0094,0.0041462,0,0,0.00774255,0,0,0,0,0.010992904,0,0,0,0,0,0,0,0,0,0,0,0,0.006192575,0.00700841,0,0,0,0,0,0,0,0,0,0,0,0,0,0,0,0.001505434,0.001390444,0,0.00150847,0.001575104,0.001704799,0,0,0,0,0,0,0.00110022,0,0,0.0004,0,0,0,0,0,0,0,0
Portugal,0,0,0,0.0020008,0,0,0,0,0,0,0,0,0,0,0,0,0,0,0,0,0,0,0,0,0.006178997,0,0,0,0,0.000415833,0.000381972,0.000458868,0.000464754,0.000476208,0,0.001600322,0,0,0,0.011190038,0,0,0,0,0,0,0,0.00050005,0,0.00320096,0,0,0,0.00190095,0,0,0,0,0,0,0.005796064,0,0,0.002439738,0,0,0,0.00150045,0,0,0,0,0,0,0,0,0,0,0,0,0,0,0.0503821,0,0,0,0,0.00229954,0,0,0.003270201,0,0,0,0,0,0,0,0,0,0,0,0,0.000450998,0.001201442,0,0,0,0,0,0,0,0,0,0,0,0,0,0,0,0.000415833,0.000381972,0,0.000458868,0.000464754,0.000476208,0,0,0,0,0,0,0.0005001,0,0,0,0,0,0,0,0,0,0,0
Singapore,0,0,0,0.013505402,0,0,0,0,0,0,0,0,0,0,0,0,0,0,0,0.000115172,0,0,0,0,0.005976509,0,0,0,0,0.003378112,0.003087804,0.002695814,0.00284942,0.003148398,0,0.013305674,0,0,0.029044952,0,0.008,0,0,0,0,0,0,0.00890089,0,0,0.00010005,0,0,0.006803402,0.000708144,0,0,0.005399005,0.000394,0,0.004347048,0,0,0.002927686,0,0,0.001147337,0.012003601,0.002723147,0,0,0,0,0.015225642,0,0.0107,0,0.015511421,0,0.050745128,0.0119988,0.0529,0,0,0,0,0.0116,0.00019996,0,0,0.012444905,0,0,0,0,0,0,0,0,0,0,0,0,0.019389721,0.012815378,0,0,0,0,0,0,0,0,0.000703588,0,0,0,0,0,0,0.003378112,0.003087804,0,0.002695814,0.00284942,0.003148398,0,0,0,0,0,0,0.00640128,0,0,0,0,0,0,0,0,0,0,0
Spain,0,0,0,0.027210884,0,0,0,0,0,0,0,0,0,0,0,0,0,0,0,0.001562424,0,0,0,0,0.056527814,0,0,0,0,0.006455742,0.005876935,0.005315882,0.005436917,0.005672489,0,0.022108444,0,0,0,0.060584338,0.008303797,0,0,0,0,0,0,0.02810281,0,0.038911674,0,0,0,0.015607804,0.001517451,0,0.008263992,0.008299008,0.004233996,0.001522533,0.04636751,0.002976762,0,0.021567288,0,0.00060006,0.001434172,0.024907472,0.00484115,0,0,0,0,0,0,0,0,0,0,0,0,0,0.0736619,0,0.045158952,0.106150107,0,0.017996401,0,0,0.026630311,0,0.0015205,0,0,0,0,0,0,0.00079992,0,0,0,0.023728203,0.023628354,0,0,0,0,0,0,0,0.0282,0,0,0,0.000659072,0,0,0,0.006455742,0.005876935,0,0.005315882,0.005436917,0.005672489,0,0,0,0,0,0,0.012802561,0,0,0,0,0,0,0,0,0.00050005,0,0
Sweden,0,0,0,0.032613045,0,0,0,0,0,0,0,0,0,0,0,0,0,0,0,0.000184127,0,0,0,0,0.013932603,0,0,0,0,0.007881205,0.007093554,0.00394127,0.004673775,0.006099609,0,0.030512133,0,0.000955853,0,0.02243223,0,0,0,0,0,0,0,0.02460246,0,0.054916475,0,0,0,0.020010005,0.001011634,0,0.008263992,0.005499005,0,0.000609013,0.011695129,0,0,0.005465014,0,0,0.000191223,0.033309993,0.00484115,0,0,0.00270027,0,0,0,0,0,0,0,0.018249108,0,0,0.0000276,0,0,0.029982692,0,0,0,0,0.030213312,0,0.002578399,0,0,0,0,0,0,0.0119988,0,0,0,0.045047615,0.028634361,0,0,0,0,0,0,0,0.0288,0,0,0,0,0,0,0,0.007881205,0.007093554,0,0.00394127,0.004673775,0.006099609,0,0,0,0,0,0,0.0060012,0,0.030787685,0.007,0,0,0,0,0,0.00050005,0,0
Switzerland,0,0,0,0.100740296,0,0,0,0,0,0,0,0,0,0,0,0,0,0,0,0.001035234,0,0,0,0,0.016715475,0,0,0,0,0.028763257,0.025751453,0.010123373,0.012539398,0.017242257,0,0.053121677,0,0.001622888,0.000266377,0.003802099,0.000607595,0,0,0,0,0,0,0.083908391,0,0.141942583,0,0,0,0.04092046,0.003136065,0,0.003224997,0.011699012,0.013192987,0.001218027,0.013455148,0.004129057,0,0.00644091,0,0,9.56E-05,0.099029709,0.029853757,0.109310931,0,0.00180018,0,0,0,0.0155,0,0,0,0,0,0.031,0.009834,0,0.004124031,0.01750069,0,0.085382923,0,0,0.092776037,0,0.000151,0.069542665,0.00939906,0,0,0,0,0.03779622,0.0435,0,0,0.151873077,0.085802964,0,0,0,0,0,0,0,0.0558,0,0,0,0,0,0,0,0.028763257,0.025751453,0,0.010123373,0.012539398,0.017242257,0,0,0,0,0,0,0.049209842,0,0.041783287,0.0077,0,0,0.01149885,0.00720144,0.0161,0.076707671,0,0.050105011
United Kingdom,0,0,0,0.150860344,0,0,0,0,0,0,0,0,0,0,0,0,0,0,0,0.01096964,0,0,0,0,0.068994291,0,0,0,0,0.036681951,0.033172001,0.022812115,0.02488624,0.028923489,0,0.095238143,0,0.023186924,0.028871083,0.069745985,0.038379747,0,0,0,0,0,0,0.071307131,0,0.228668601,0,0,0,0.060030015,0.012341932,0.0473,0.018441982,0.061094061,0.050900949,0.011875761,0.075036825,0.021413482,0,0.040890017,0,0.02310231,0.008222583,0.142342703,0.040342915,0.01770177,0.00190019,0,0.0046,0,0,0.0044,0.054026706,0,0.025282386,0,0,0.0054,0.0026515,0,0,0,0.011,0.079784043,0,0,0.152983761,0,0.006157098,0.013602728,0,0,0,0,0.076907691,0.00149985,0.0119,0,0,0.167406414,0.128053664,0,0,0,0,0,0,0,0.118,0.000603076,0,0,0.019960456,0.019995086,0,0,0.036681951,0.033172001,0,0.022812115,0.02488624,0.028923489,0,0,0,0,0,0,0.034906981,0,0.00019992,0.0097,0,0,0.02769723,0.00510102,0,0.03820382,0,0.128412841
Brazil,0,0,0,0,0.042423637,0,0,0,0,0,0,0,0,0,0,0,0,0,0.036734282,0.000806127,0,0,0,0,0,0,0,0,0,0,0.004758465,0.002640705,0.002914598,0.003447727,0,0.001300261,0,0,0.050989714,0,0,0,0,0,0,0,0,0.00080008,0,0,0,0,0,0.018209105,0.003743045,0,0,0,0.002559997,0.000609013,0,0.001728442,0,0.000195179,0.0360036,0,0.000382446,0,0,0,0,0.00280028,0,0.057369835,0,0,0,0.047637187,0.022582216,0,0,0,0.086238,0,0,0.00656727,0,0.031693661,0.005524095,0,0,0.045597481,0,0,0,0,0,0,0,0,0,0,0,0,0,0,0,0,0,0,0,0,0,0.039802995,0,0,0,0.004318597,0,0,0,0.004758465,0,0.002640705,0.002914598,0.003447727,0,0,0,0,0,0,0,0,0,0,0,0,0.00989901,0,0,0.00080008,0,0
Chile,0,0,0,0,0.004991016,0,0,0,0,0,0,0,0,0,0,0,0,0,0.004844081,0.001035298,0,0,0,0,0.001976912,0,0,0,0,0.000133041,0.000593927,0.001688859,0.001525789,0.001208352,0,0.000800161,0,0,0.03894864,0,0,0,0,0,0,0,0,0.00150015,0,0,0,0,0,0.002101051,0.002326758,0,0,0,0.002559997,0.001015022,0.001345015,0,0,0.001854201,0.03360336,0,0.000860503,0.00050015,0,0,0,0,0,0,0,0,0,0,0,0,0,0,0.0032549,0,0,0,0.025,0,0.045564558,0,0,0.004821286,0,0,0,0,0,0,0,0,0,0,0,0,0,0,0,0,0,0,0,0,0,0.003618454,0,0,0.001035684,0,0,0,0.000133041,0.000593927,0,0.001688859,0.001525789,0.001208352,0,0,0,0,0,0,0,0,0,0,0,0,0,0,0,0,0,0
China,0,0,0,0,0.214414055,0,0.01366,0,0,0,0,0,0,0,0,0,0.995561714,0.986015383,0.214855182,0.000689384,0,0,0,0,0.011680476,0,0,0,0,0,0.023039941,0.019180269,0.019269876,0.019444226,0.0014,0.003601724,0,0,0.098732145,0.000112667,0,0,0,0,0,0,0,0.00540054,0,0,0.00010005,0,0,0.065732866,0.009408194,0,0,0,0.008565991,0.001522533,0.19178411,0.000192049,0,0.093198009,0.0330033,0,0.000860503,0.00030009,0,0.01270127,0.00340034,0.101610161,0.1018,0.012171484,0.008917824,0.0428,0,0,0,0.193869854,0.02169783,0.0205,0.0941414,0,0.16380538,0.05411702,0.0897,0.0064987,0.401347819,0,0,0.255950804,0.021700393,0,0.03079692,0,0,0,0.00970097,0.01489851,0.0145,0,0,0,0.000700841,0,0,0,0,0,0,0,0.1824,0.235601568,0,0,0,0,0,0,0,0.023039941,0,0.019180269,0.019269876,0.019444226,0.951473832,1,0.990576441,0.983271572,1,1,0,0,0.254698121,0.0054,0,0,0.0039996,0,0,0,0,0
Colombia,0,0,0,0,0.000898383,0,0,0,0,0,0,0,0,0,0,0,0,0,0.000908265,0,0,0,0,0,0.003029892,0,0,0,0,0,7.61E-05,0.001143733,0.000985132,0.000676399,0,0,0,0,0.042983905,0,0,0,0,0,0,0,0,0,0,0,0,0,0,0.0004002,0.001719777,0,0,0,0,0,0.002380026,0,0,0.001171074,0.0330033,0,0,0,0,0,0,0,0,0,0,0,0,0,0,0,0,0,0,0,0,0,0,0,0,0,0,0.002936353,0,0,0,0,0,0,0,0,0,0,0,0,0,0,0,0,0,0,0,0,0,0.000904614,0,0,0,0.009203994,0,0,0,7.61E-05,0,0.001143733,0.000985132,0.000676399,0,0,0,0,0,0,0,0,0,0,0,0,0,0,0,0,0,0
Czech Republic,0,0,0,0,0.001297664,0,0,0,0,0,0,0,0,0,0,0,0,0,0.001412857,0,0,0,0,0,0.00540941,0,0,0,0,0,0.000137167,0.000225083,0.000209114,0.000178031,0,0,0,0,0.001517687,0.001419587,0,0,0,0,0,0,0,0,0,0,0,0,0,0.00030015,0,0,0,0,0,0,0.003519039,0,0,0.001561433,0,0,0,0,0,0,0,0,0,0,0,0,0,0,0,0,0,0,0,0,0,0,0,0,0,0,0,1.10E-06,0,0,0,0,0,0,0,0,0,0,0,0,0,0,0,0,0,0,0,0,0,0.001306664,0,0,0,0,0,0,0,0.000137167,0,0.000225083,0.000209114,0.000178031,0,0,0,0,0,0,0,0,0,0,0,0,0,0,0,0,0,0
Egypt,0,0,0,0,0.000798563,0,0,0,0,0,0,0,0,0,0,0,0,0,0.000706428,0,0,0,0,0,0,0,0,0,0,0,7.27E-05,0.000467614,0.000410331,0.000298821,0,0.00010002,0,0,0,0,0,0,0,0,0,0,0,0,0,0,0,0,0,0.0002001,0.000708144,0,0,0,0,0,0,0,0,0,0.030003,0,0,0,0,0,0,0,0,0,0,0,0,0,0,0,0,0,0,0,0,0,0,0,0,0,0,0.000937777,0,0,0,0,0,0,0,0,0,0,0,0,0,0,0,0,0,0,0,0,0,0,0,0,0,0.003643797,0,0,0,7.27E-05,0,0.000467614,0.000410331,0.000298821,0,0,0,0,0,0,0,0,0,0,0,0,0,0,0,0,0,0
Greece,0,0,0,0,0.005490118,0,0,0,0,0,0,0,0,0,0,0,0,0,0.005853265,0,0,0,0,0,0,0,0,0,0,0,0.000516675,0.000301074,0.00033146,0.000390606,0,0,0,0,0,0.025134036,0,0,0,0,0,0,0,0,0,0,0,0,0,0.00150075,0,0,0,0,0,0,0.00269103,0,0,0.001463843,0,0.00020002,0,0,0,0,0,0,0,0,0,0,0,0,0,0,0,0,0,0,0,0.017184199,0,0,0,0,0,0.008091084,0,0,0,0,0,0,0,0,0,0,0,0,0,0,0,0,0,0,0,0,0,0.004724093,0,0,0,0,0,0,0,0.000516675,0,0.000301074,0.00033146,0.000390606,0,0,0,0,0,0,0,0,0,0,0,0,0,0,0,0,0,0
Hungary,0,0,0,0,0.002295867,0,0,0,0,0,0,0,0,0,0,0,0,0,0.002220204,4.93E-05,0,0,0,0,0.002554356,0,0,0,0,0,0.000262193,0.00059948,0.000542824,0.000432537,0,0,0,0,0.002311824,0,0,0,0,0,0,0,0,0,0,0,0,0,0,0.00070035,0.00060698,0,0,0,0,0.000101502,0.001966022,0,0,0.001366254,0.02750275,0,9.56E-05,0,0,0,0,0,0,0,0,0,0,0,0,0,0,0,0,0,0,0,0,0,0,0,0,0.003113552,0,0,0,0,0,0,0,0,0,0,0,0,0,0,0,0,0,0,0,0,0,0.001809227,0,0,0,0,0,0,0,0.000262193,0,0.00059948,0.000542824,0.000432537,0,0,0,0,0,0,0,0,0,0,0,0,0,0,0,0,0,0
India,0,0,0,0,0.216610102,0,0,0,0,0,0,0,0,0,0,0,0,0,0.216167121,0,0,0,0,0,0,0,0,0,0,0,0.019799606,0.007254021,0.009261411,0.013168853,0,0,0,0,0.046255453,0,0,0,0,0,0,0,0,0,0,0,0,0,0,0.062731366,0.001618614,0,0,0,0.001279999,0,0,0,0,0.000390358,0.0070007,0,0,0,0,0,0.00430043,0,0,0,0,0.0137,0.054491721,0,0,0,0,0,0.045755,0,0.006594346,0.008620473,0,0,0,0,0,0.171538887,0,0,0,0,0,0,0,0,0,0,0,0,0,0,0,0,0,0,0,0,0,0.197708312,1,0,0,0.006170896,0,0,0,0.019799606,0,0.007254021,0.009261411,0.013168853,0,0,0,0,0,0,0,0,0,0,0,0,0,0,0,0,0,0
Indonesia,0,0,0,0,0.016270713,0,0,0,0,0,0,0,0,0,0,0,0,0,0.016348774,0.00100139,0,0,0,0,0.012372527,0,0,0,0,0,0.001795936,0.002995192,0.002800027,0.002420111,0,0.00010002,0,0,0.026119054,0,0,0,0,0,0,0,0,0,0,0,0,0,0,0.006103052,0.003439555,0,0,0,0.002657997,0.001116525,0.0091081,0,0,0.005855372,0.04930493,0,0.000956114,0,0,0,0,0,0,0,0,0,0,0,0,0,0,0,0.018477,0,0,0,0,0,0,0,0,0.015243394,0,0,0,0,0,0,0,0,0,0,0,0,0,0,0,0,0,0,0,0,0,0.017388682,0,0,0,0,0,0,0,0.001795936,0,0.002995192,0.002800027,0.002420111,0,0,0,0,0,0,0,0,0,0,0,0,0,0,0,0,0,0
Kuwait,0,0,0,0,0.007785985,0,0,0,0,0,0,0,0,0,0,0,0,0,0.008376224,0,0,0,0,0,0,0,0,0,0,0,0.000704913,0.000365939,0.000428619,0.000550627,0,0,0,0,0.017561785,0,0,0,0,0,0,0,0,0,0,0,0,0,0,0.00150075,0.000505817,0,0,0,0,0,0,0,0,9.76E-05,0.00660066,0,0,0,0,0,0,0,0,0,0,0,0,0,0,0,0,0,0,0,0,0,0,0,0,0,0,0.002725031,0,0,0,0,0,0,0,0,0,0,0,0,0,0,0,0,0,0,0,0,0,0.007136396,0,0,0,0,0,0,0,0.000704913,0,0.000365939,0.000428619,0.000550627,0,0,0,0,0,0,0,0,0,0,0,0,0,0,0,0,0,0
Malaysia,0,0,0,0,0.016170892,0,0,0,0,0,0,0,0,0,0,0,0,0,0.0159451,0,0,0,0,0,0.009316434,0,0,0,0,0,0.001460358,0.001371484,0.001417002,0.001505596,0,0,0,0,0.015141694,0,0,0,0,0,0,0,0,0,0,0,0,0,0,0.005002501,0.000809307,0,0,0,0,0,0.007038077,0,0,0.003903582,0.01490149,0,0,0,0,0,0,0,0,0,0,0,0,0,0,0,0,0,0,0,0,0,0,0,0,0,0,0.022824632,0,0,0,0,0,0,0,0,0,0,0,0,0,0,0,0,0,0,0,0,0,0.016484069,0,0,0,0.008772094,0,0,0,0.001460358,0,0.001371484,0.001417002,0.001505596,0,0,0,0,0,0,0,0,0,0,0,0,0,0,0,0,0,0
Mexico,0,0,0,0,0.020063885,0,0,0,0,0,0,0,0,0,0,0,0,0,0.020385508,0.003303662,0,0,0,0,0.010311834,0,0,0,0,0,0.002195088,0.004195798,0.003866043,0.003224132,0,0.00010002,0,0,0.051857694,0,0,0,0,0,0,0,0,0,0,0,0,0,0,0.007403702,0.005766313,0,0,0,0.000984999,0.003552578,0.00724508,0.002592664,0,0.004586708,0.058805881,0,0.002963954,0.00010003,0,0,0,0,0,0,0,0,0,0,0,0,0,0,0,0,0,0,0,0,0,0,0,0.019180681,0,0,0,0,0,0,0,0,0,0,0,0,0,0,0,0,0,0,0,0,0,0.016283044,0,0,0,0,0,0,0,0.002195088,0,0.004195798,0.003866043,0.003224132,0,0,0,0,0,0,0,0,0,0,0,0,0,0,0,0,0,0
Peru,0,0,0,0,0.002595328,0,0,0,0,0,0,0,0,0,0,0,0,0,0.002724796,0.000671638,0,0,0,0,0.001858631,0,0,0,0,0,0.000191102,0.000728702,0.000642821,0.000475644,0,0,0,0,0.017712738,0,0,0,0,0,0,0,0,0,0,0,0,0,0,0.00010005,0.001112797,0,0,0,0,0.000812018,0.001242014,0,0,0.000975895,0.02820282,0,0.000573669,0,0,0,0,0,0,0,0,0,0,0,0,0,0,0,0,0,0,0,0,0,0,0,0,0.002693802,0,0,0,0,0,0,0,0,0,0,0,0,0,0,0,0,0,0,0,0,0,0,0,0,0,0,0,0,0,0.000191102,0,0.000728702,0.000642821,0.000475644,0,0,0,0,0,0,0,0,0,0,0,0,0,0,0,0,0,0
Philippines,0,0,0,0,0.005789579,0,0,0,0,0,0,0,0,0,0,0,0,0,0.005348673,0.001242463,0,0,0,0,0.000194205,0,0,0,0,0,0.000547467,0.002388006,0.002116267,0.001587296,0,0,0,0,0.013556198,0,0,0,0,0,0,0,0,0,0,0,0,0,0,0.002201101,0.001315124,0,0,0,0,0.001421031,0.000103001,0,0,0.001951791,0.0340034,0,0.003537623,0,0,0,0,0,0,0,0,0,0,0,0,0,0,0,0,0,0,0,0,0,0,0,0,1.10E-06,0,0,0,0,0,0,0,0,0,0,0,0,0,0,0,0,0,0,0,0,0,0.005327169,0,0,0,0,0,0,0,0.000547467,0,0.002388006,0.002116267,0.001587296,0,0,0,0,0,0,0,0,0,0,0,0,0,0,0,0,0,0
Poland,0,0,0,0,0.009782392,0,0,0,0,0,0,0,0,0,0,0,0,0,0.009889999,0.000546637,0,0,0,0,0.005420981,0,0,0,0,5.06E-05,0.00097754,0.001092859,0.001075775,0.001042514,0,0.00010002,0,0,0.001497089,0,0,0,0,0,0,0,0,0,0,0,0,0,0,0.004002001,0.000708144,0,0,0,0,0.000406009,0.005278058,0,0,0.003122865,0.03040304,0,0.00066928,0.00380114,0,0,0,0,0,0,0,0,0,0,0,0.016664533,0,0,0,0,0,0,0,0,0,0,0,0.008113434,0,0,0,0,0,0,0,0,0,0,0,0,0.000500601,0,0,0,0,0,0,0,0,0.010252287,0,0,0,0,0,0,5.06E-05,0.00097754,0,0.001092859,0.001075775,0.001042514,0,0,0,0,0,0,0,0,0,0,0,0,0,0,0,0,0,0
Qatar,0,0,0,0,0.008185267,0,0,0,0,0,0,0,0,0,0,0,0,0,0.008073469,0,0,0,0,0,0,0,0,0,0,0,0.000770681,0.001249177,0.001177375,0.001037599,0,0,0,0,0.030489436,0,0,0,0,0,0,0,0,0,0,0,0,0,0,0.002701351,0.002023268,0,0,0,0.000197,0,0,0,0,0.000780716,0.03890389,0,0,0,0,0,0,0,0,0,0,0,0,0,0,0,0,0,0,0,0,0,0,0,0,0,0,0.005123901,0,0,0,0,0,0,0,0,0,0,0,0,0,0,0,0,0,0,0,0,0,0.007437933,0,0,0,0,0,0,0,0.000770681,0,0.001249177,0.001177375,0.001037599,0,0,0,0,0,0,0,0,0,0,0,0,0,0,0,0,0,0
Saudi Arabia,0,0,0,0,0.040427231,0,0,0,0,0,0,0,0,0,0,0,0,0,0.03744071,0,0,0,0,0,0.000438067,0,0,0,0,0,0.004019516,0.00369074,0.003719875,0.003776561,0,0,0,0,0.046583452,0,0,0,0,0,0,0,0,0,0,0,0,0,0,0.011405703,0.005159332,0,0,0.000500001,0.002165998,0,0.000103001,0,0,0.001951791,0.058505851,0,0,0,0,0,0,0,0,0,0,0,0,0,0,0,0,0,0,0,0,0,0,0,0,0,0,0.034133532,0,0,0,0,0,0,0,0,0,0,0,0,0,0,0,0,0,0,0,0,0,0.034777365,0,0,0,0,0,0,0,0.004019516,0,0.00369074,0.003719875,0.003776561,0,0,0,0,0,0,0,0,0,0,0,0,0,0,0,0,0,0
South Africa,0,0,0,0,0.0309443,0,0,0,0,0,0,0,0,0,0,0,0,0,0.030578262,4.07E-05,0,0,0,0,0.000132103,0,0,0,0,0,0.002849751,0.001349247,0.00158348,0.002039416,0,0.001500302,0,0,0.024697506,0,0,0,0,0,0,0,0,0.00240024,0,0,0,0,0,0.009004502,0.001112797,0,0,0,0.000295,0,0.000207002,0,0,0,0.02810281,0,0,0,0,0,0,0,0,0,0,0,0,0.021890356,0,0,0,0,0,0,0.011336641,0,0,0,0,0,0,0.036759388,0,0,0,0,0,0,0,0,0,0,0,0,0,0,0,0,0,0,0,0,0,0.026937381,0,0,0,0.009062294,0,0,0,0.002849751,0,0.001349247,0.00158348,0.002039416,0,0,0,0,0,0,0,0,0,0,0,0,0,0,0,0,0,0
South Korea,0,0,0,0,0.119584747,0,0,0,0,0,0,0,0,0,0,0,0,0,0,0.000979658,0,0,0,0,0.031509785,0,0,0,0,0,0.011804232,0.007106696,0.007746816,0.008992803,0,0.00020004,0,0,0.048127943,0,0,0,0,0,0,0,0,0,0,0,0,0,0,0.04102051,0.003641882,0,0,0.0002,0.001673998,0.001421031,0.023701261,0,0,0.013369767,0,0,0.000956114,0,0,0.02860286,0.052005201,0.04450445,0.0482,0,0,0,0,0,0,0.054101522,0,0,0.0195003,0,0.022776232,0.01559366,0.0506,0.040491902,0.100191205,0,0,0.123118796,0,0,0.01039896,0,0,0,0,0.04049595,0,0,0,0,0,0,0,0,0,0,0,0,0.0159,0.102723892,0,0,0,0,0,0,0,0.011804232,0,0.007106696,0.007746816,0.008992803,0,0,0,0,0,0,0,0,0,0.0216,0,0,0.0049995,0,0,0.00250025,0,0
Taiwan,0,0,0,0,0.193052505,0,0,0,0,0,0,0,0,0,0,0,0,0,0.191341205,0.000258504,0,0,0,0,0,0,0,0,0,0,0.018972213,0.006102116,0.008000142,0.011694711,0,0,0,0,0.034281971,0,0,0,0,0,0,0,0,0,0,0,0,0,0,0.062731366,0.000505817,0,0,0,0.000394,0.000304507,0,0,0,9.76E-05,0,0,0,0,0,0,0.00060006,0.01010101,0.0467,0.018390976,0,0.0666,0,0,0.008138822,0.031660235,0.127487251,0.0812,0.0082945,0,0.034324391,0.022245913,0.0093,0.018096381,0,0,0,0.191402522,0,0,0,0,0,0,0,0.00179982,0,1,0,0,0,0,0,0,0,0,0,0,0.0204,0.203437531,0,0,0,0,0,0,0,0.018972213,0,0.006102116,0.008000142,0.011694711,0,0,0,0,0,0,0,0,0.014194322,0.0116,0,0,0,0.055711142,0,0,0,0
Thailand,0,0,0,0,0.015871431,0,0,0,0,0,0,0,0,0,0,0,0,0,0.015642345,0,0,0,0,0,0.007814995,0,0,0,0,0,0.001335892,0.001028353,0.001128299,0.001322832,0,0,0,0,0.027824574,0,0,0,0,0,0,0,0,0,0,0,0,0,0,0.005102551,0.000505817,0,0,0,0,0,0.006106067,0,0,0.003025276,0,0,0,0,0,0,0,0,0,0,0,0,0,0,0,0,0,0,0.000076,0,0,0,0,0,0,0,0,0.024799661,0,0,0,0,0,0,0,0,0,0,0,0,0,0,0,0,0,0,0,0,0,0.015478943,0,0,0,0,0,0,0,0.001335892,0,0.001028353,0.001128299,0.001322832,0,0,0,0,0,0,0,0,0,0,0,0,0,0,0,0,0,0
Turkey,0,0,0,0,0.009882212,0,0,0,0,0,0,0,0,0,0,0,0,0,0.009990917,0,0,0,0,0,0,0,0,0,0,0,0.00074835,0.002209483,0.002017634,0.001644175,0,0.00020004,0,0,0.03229472,0,0,0,0,0,0,0,0,0,0,0,0,0,0,0.002701351,0.003034901,0,0,0,0,0,0,0.000384098,0,0,0.050205021,0,0,0,0,0,0,0,0,0,0,0,0,0,0,0,0,0,0.0048056,0,0,0,0,0,0,0,0,0.008602526,0,0,0,0,0,0,0,0,0,0,0,0,0,0,0,0,0,0,0,0,0,0.010453312,0,0,0,0.004845397,0,0,0,0.00074835,0,0.002209483,0.002017634,0.001644175,0,0,0,0,0,0,0,0,0,0,0,0,0,0,0,0,0,0
United Arab Emirates,0,0,0,0,0.011678978,0,0,0,0,0,0,0,0,0,0,0,0,0,0.012009284,0,0,0,0,0,0.000211325,0,0,0,0,0,0.001224294,0.002620897,0.002403876,0.001981415,0,0.00010002,0,0,0.04953068,0,0,0,0,0,0,0,0,0,0,0,0,0,0,0.005002501,0.004248862,0,0,0,0.001180999,0,0.000310003,0,0,0.001854201,0.04310431,0,0,0,0,0,0,0,0,0,0,0,0,0,0,0,0,0,0,0,0,0,0,0,0,0,0,0.012156681,0,0,0,0,0,0,0,0,0,0,0,0,0,0,0,0,0,0,0,0,0,0.014373304,0,0,0,0,0,0,0,0.001224294,0,0.002620897,0.002403876,0.001981415,0,0,0,0,0,0,0,0,0,0,0,0,0,0,0,0,0,0
Argentina,0,0,0,0,0,0,0.00672,0,0,0,0,0,0,0,0,0,0,0,0,0,0,0,0,0,0,0,0,0,0,0,0,0.001119392,0.000950783,0.00062257,0,0,0,0,0.012875606,0,0,0,0,0,0,0,0,0,0,0,0,0,0,0,0.001922104,0,0,0,0,0,0,0,0,0,0.0240024,0,0,0,0,0,0,0,0,0,0,0,0,0,0,0,0,0,0,0,0,0,0,0,0,0,0,0,0,0,0,0,0,0,0,0,0,0,0,0,0,0,0,0,0,0,0,0,0,0,0,0,0,0,0,0,0,0,0,0.001119392,0.000950783,0.00062257,0,0,0,0,0,0,0,0,0,0,0,0,0,0,0,0,0,0
Korea (South),0,0,0,0,0,0,0,0,0,0,0,0,0,0,0,0,0,0,0.119083661,0,0,0,0,0,0,0,0,0,0,0,0,0,0,0,0,0,0,0,0,0,0,0,0,0,0,0,0,0,0,0,0,0,0,0,0,0,0,0,0,0,0,0,0,0,0,0,0,0,0,0,0,0,0,0,0,0,0,0,0,0,0,0,0,0,0,0,0,0,0,0,0,0,0,0,0,0,0,0,0,0,0,0,0,0,0,0,0,0,0,0,0,0,0,0,0,0,0,0,0,0,0,0,0,0,0,0,0,0,0,0,0,0,0,0,0.093062775,0,0,0,0,0,0,0,0,0
Bermuda,0,0,0,0,0,0,0,0,0,0,0,0,0,0,0,0,0,0,0,0.000140255,0,0,0,0,4.18E-05,0,0,0,0,0.000766519,0.00072396,0.000685191,0.000732492,0.000824566,0,0,0,0,0,0,0.000202532,0,0,0,0,0,0,0,0,0,0.00150075,0,0,0,0.00030349,0,0,0,0.000197,0.000101502,0.000103001,0.000192049,0,0.000292769,0,0.00210021,0.000191223,0.00030009,0,0,0,0,0,0,0,0,0,0,0,0,0,0,0,0,0,0,0,0,0,0,0,0,0,0,0,0,0,0,0,0,0,0,0,0,0,0,0,0,0,0,0,0,0,0,0,0,0.001883062,0,0,0,0.000766519,0.00072396,0,0.000685191,0.000732492,0.000824566,0,0,0,0,0,0,0.0030006,0,0,0,0,0,0,0,0,0,0,0
Canada,0,0,0,0,0,0,0,0,0,0,0,0,0,0,0,0,0,0,0,0.009447241,0,0,0,0,0.067276159,0,0,0,0,0.031099963,0.027960361,0.020728098,0.02206685,0.024672659,0,0.100540209,0,0.042932857,0,0.012506997,0.027341772,0,0,0,0,0,0,0.099309931,0,0,0.003901951,0,0,0.071735868,0.012038442,0.0354,0.041519958,0.068293068,0.024613975,0.011875761,0.059304652,0.004513155,0,0.034253928,0,0.04920492,0.009561144,0,0.026323752,0.01480148,0.01690169,0.03180318,0,0.061299697,0.041920828,0,0.048007008,0.074726435,0.019997465,0,0,0.0031,0.0341878,0.0047601,0.018621833,0.112313259,0.034,0.019396121,0.013885543,0,0,0,0.0008291,0.006623866,0.00979902,0,0,0,0.02440244,0.00739926,0,0,0,0.075332891,0.107629155,0,0,0,0.003208663,0,0,0,0.0398,0.000301538,0,0,0.054326335,0.049781365,0,0,0.031099963,0.027960361,0,0.020728098,0.02206685,0.024672659,0,0,0,0,0,0,0.033806761,0,0,0.0007,0.0282,0,0.00639936,0,0,0,0,0.00450045
Luxembourg,0,0,0,0,0,0,0,0,0,0,0,0,0,0,0,0,0,0,0,0.000233145,0,0,0,0,0.002060963,0,0,0,0,0.000376908,0.000375626,0.004411069,0.003828976,0.002695876,0,0.001200241,0,0.008554178,0.005144892,0.021952484,0.005164557,0,0,0,0,0,0,0.00310031,0,0,0,0,0,0.00150075,0.000505817,0,0.005239995,0,0,0.000203004,0.002070023,0,0,0.011613155,0,0.01720172,0.003155177,0.00220066,0,0,0,0,0,0,0,0,0,0,0,0,0,0,0,0,0,0,0.0089,0,0,0,0,0,0,0,0,0,0,0,0,0,0.016,0,0,0,0,0,0,0,0,0,0,0,0.0293,0,0,0,0.019395537,0.006996095,0,0,0.000376908,0.000375626,0,0.004411069,0.003828976,0.002695876,0,0,0,0,0,0,0.00060012,0,0,0,0,0,0,0,0,0.00090009,0,0
Macau,0,0,0,0,0,0,0,0,0,0,0,0,0,0,0,0,0,0,0,0.000141086,0,0,0,0,0,0,0,0,0,5.55E-05,6.34E-05,0.000304587,0.000266784,0.000193197,0,0.000800161,0,0.008002932,0.034076674,0.000883644,0.000405063,0,0,0,0,0,0,0,0,0,0,0,0,0.0002001,0.000505817,0,0,0,0,0.000304507,0,0,0,9.76E-05,0,0,9.56E-05,0.00030009,0.000100857,0,0,0,0,0,0,0,0,0,0,0,0,0,0,0,0,0,0,0,0,0,0,0,0,0,0,0,0,0,0,0,0,0,0,0,0,0,0,0,0,0,0,0,0,0,0,0,9.42E-05,0,0,0,5.55E-05,6.34E-05,0,0.000304587,0.000266784,0.000193197,0,0,0,0,0,0,0,0,0,0,0,0,0,0,0,0,0,0
Panama,0,0,0,0,0,0,0,0,0,0,0,0,0,0,0,0,0,0,0,0.00098866,0,0,0,0,0,0,0,0,0,0,0,0.000644052,0.000547042,0.000358201,0,0,0,0.001224018,0.007095157,0.000191692,0,0,0,0,0,0,0,0,0,0,0.00030015,0,0,0,0.001112797,0,0,0,0,0.001116525,0,0,0,0.000487948,0.02850285,0,0.000956114,0,0,0,0,0,0,0,0,0,0,0,0,0,0,0,0,0,0,0,0,0,0,0,0,0,0,0,0,0,0,0,0,0,0,0,0,0,0,0,0,0,0,0,0,0,0,0,0,0,0,0,0,0,0,0,0,0.000644052,0.000547042,0.000358201,0,0,0,0,0,0,0,0,0,0,0,0,0,0,0,0,0,0
Supranational,0,0,0,0,0,0,0,0,0,0,0,0,0,0,0,0,0,0,0,0.007553944,0,0,0,0,0,0,0,0,0,0,0,0,0,0,0,0,0,0,0,0,0,0,0,0,0,0,0,0,0,0,0,0,0,0,0,0,0,0,0,0,0,0,0,0,0,0,0,0,0,0,0,0,0,0,0,0,0,0,0,0,0,0,0,0,0,0,0,0,0,0,0,0,0,0,0,0,0,0,0,0,0,0,0,0,0,0,0,0,0,0,0,0,0,0,0,0,0,0,0,0,0,0,0,0,0,0,0,0,0,0,0,0,0,0,0,0,0,0,0,0,0,0,0,0
Uruguay,0,0,0,0,0,0,0,0,0,0,0,0,0,0,0,0,0,0,0,0.00062673,0,0,0,0,0,0,0,0,0,0.001323948,0.001186631,0.000309946,0.000263261,0.000172382,0,0,0,0,0,0,0,0,0,0,0,0,0,0,0,0,0,0,0,0,0.000505817,0,0,0,0,0.000609013,0,0,0,0.000195179,0.02010201,0,0.000573669,0,0.001210287,0,0,0,0,0,0,0,0,0,0,0,0,0,0,0,0,0,0,0,0,0,0,0,0,0,0,0,0,0,0,0,0,0,0,0,0,0,0,0,0,0,0,0,0,0,0,0,0,0,0,0,0.001323948,0.001186631,0,0.000309946,0.000263261,0.000172382,0,0,0,0,0,0,0.00010002,0,0,0,0,0,0.0039996,0,0,0,0,0
Bulgaria,0,0,0,0,0,0,0,0,0,0,0,0,0,0,0,0,0,0,0,0,0,0,0,0,0.000383018,0,0,0,0,0,0,2.24E-05,1.90E-05,1.24E-05,0,0,0,0,0,0,0,0,0,0,0,0,0,0,0,0,0,0,0,0,0,0,0,0,0,0,0.000414005,0,0,0.000195179,0,0,0,0,0,0,0,0,0,0,0,0,0,0,0,0,0,0,0,0,0,0,0,0,0,0,0,0,0,0,0,0,0,0,0,0,0,0,0,0,0,0,0,0,0,0,0,0,0,0,0,0,0,0,0,0,0,0,0,2.24E-05,1.90E-05,1.24E-05,0,0,0,0,0,0,0,0,0,0,0,0,0,0,0,0,0,0
Croatia,0,0,0,0,0,0,0,0,0,0,0,0,0,0,0,0,0,0,0,0,0,0,0,0,0.000725359,0,0,0,0,0,0,3.58E-05,3.04E-05,1.99E-05,0,0,0,0,0,0,0,0,0,0,0,0,0,0,0,0,0,0,0,0,0,0,0,0,0,0,0.000724008,0,0,0.000292769,0,0,0,0,0,0,0,0,0,0,0,0,0,0,0,0,0,0,0,0,0,0,0,0,0,0,0,0,0,0,0,0,0,0,0,0,0,0,0,0,0,0,0,0,0,0,0,0,0,0,0,0,0,0,0,0,0,0,0,3.58E-05,3.04E-05,1.99E-05,0,0,0,0,0,0,0,0,0,0,0,0,0,0,0,0,0,0
Cyprus,0,0,0,0,0,0,0,0,0,0,0,0,0,0,0,0,0,0,0,0,0,0,0,0,0.000510736,0,0,0,0,0,0,2.76E-05,2.35E-05,1.54E-05,0,0,0,0,0,0.001868474,0,0,0,0,0,0,0,0,0,0,0,0,0,0,0,0,0,0,0,0,0.000414005,0,0,0.000195179,0,0,0,0,0,0,0,0,0,0,0,0,0,0,0,0,0,0,0,0,0,0,0,0,0,0,0,0,0,0,0,0,0,0,0,0,0,0,0,0,0,0,0,0,0,0,0,0,0,0.000100513,0,0,0,0,0,0,0,0,0,2.76E-05,2.35E-05,1.54E-05,0,0,0,0,0,0,0,0,0,0,0,0,0,0,0,0,0,0
Estonia,0,0,0,0,0,0,0,0,0,0,0,0,0,0,0,0,0,0,0,0,0,0,0,0,0.000201641,0,0,0,0,0,0,8.80E-07,7.47E-07,4.89E-07,0,0,0,0,0,0,0,0,0,0,0,0,0,0,0,0,0,0,0,0,0,0,0,0,0,0,0,0,0,0,0,0,0,0,0,0,0,0,0,0,0,0,0,0,0,0,0,0,0,0,0,0,0,0,0,0,0,0,0,0,0,0,0,0,0,0,0,0,0,0,0,0,0,0,0,0,0,0,0,0,0,0,0,0,0,0,0,0,0,8.80E-07,7.47E-07,4.89E-07,0,0,0,0,0,0,0,0,0,0,0,0,0,0,0,0,0,0
Eurozone,0,0,0,0,0,0,0,0,0,0,0,0,0,0,0,0,0,0,0,0,0,0,0,0,0.004442875,0,0,0,0,0,0,0,0,0,0,0,0,0,0,0,0,0,0,0,0,0,0,0,0,0,0,0,0,0,0,0,0,0,0,0,0,0,0,0,0,0,0,0,0,0,0,0,0,0,0,0,0,0,0,0,0,0,0,0,0,0,0,0,0,0,0,0,0,0,0,0,0,0,0,0,0,0,0,0,0,0,0,0,0,0,0,0,0,0,0,0,0,0,0,0,0,0,0,0,0,0,0,0,0,0,0,0,0,0,0,0,0,0,0,0,0,0,0,0
Iceland,0,0,0,0,0,0,0,0,0,0,0,0,0,0,0,0,0,0,0,0,0,0,0,0,2.76E-05,0,0,0,0,0,0,0,0,0,0,0,0,0,0,0,0,0,0,0,0,0,0,0,0,0,0,0,0,0,0,0,0,0,0,0,0,0,0,0.000195179,0,0,0,0,0,0,0,0,0,0,0,0,0,0,0,0,0,0,0,0,0,0,0,0,0,0,0,0,0,0,0,0,0,0,0,0,0,0,0,0,0,0,0,0,0,0,0,0,0,0,0,0,0,0,0,0,0,0,0,0,0,0,0,0,0,0,0,0,0,0,0,0,0,0,0,0,0,0,0,0
Isle of Man,0,0,0,0,0,0,0,0,0,0,0,0,0,0,0,0,0,0,0,0,0,0,0,0,3.67E-05,0,0,0,0,0,0,4.30E-05,4.07E-05,3.63E-05,0,0,0,0,0,0,0,0,0,0,0,0,0,0,0,0,0,0,0,0,0,0,0,0,0,0,0,0,0,0,0,0,0,0,0,0,0,0,0,0,0,0,0,0,0,0,0,0,0,0,0,0,0,0,0,0,0,0,0,0,0,0,0,0,0,0,0,0,0,0,0,0,0,0,0,0,0,0,0,0,0,0,0,0,0,0,0,0,0,4.30E-05,4.07E-05,3.63E-05,0,0,0,0,0,0,0,0,0,0,0,0,0,0,0,0,0,0
Jersey,0,0,0,0,0,0,0,0,0,0,0,0,0,0,0,0,0,0,0,0,0,0,0,0,8.74E-06,0,0,0,0,0,0,4.33E-05,4.75E-05,5.55E-05,0,0.00010002,0,0.001316781,0,0.000127738,0,0,0,0,0,0,0,0.00030003,0,0,0,0,0,0.00010005,0,0,0,0,0,0,0,0,0,0.000195179,0,0,0,0,0,0,0,0,0,0,0,0,0,0,0,0,0,0,0,0,0,0,0.0161,0,0,0,0,0,0,0,0,0,0,0,0,0,0,0,0,0,0,0,0,0,0,0,0,0,0,0,0,0,9.42E-05,0.008165994,0,0,0,0,0,4.33E-05,4.75E-05,5.55E-05,0,0,0,0,0,0,0,0,0,0,0,0,0,0,0,0,0,0
Kazakhstan,0,0,0,0,0,0,0,0,0,0,0,0,0,0,0,0,0,0,0,0,0,0,0,0,0.000120076,0,0,0,0,0,0,0.000243247,0.000206608,0.000135286,0,0,0,0,0.016034204,0,0,0,0,0,0,0,0,0,0,0,0,0,0,0,0.000505817,0,0,0,0.000394,0,0.000103001,0,0,0.000195179,0.00780078,0,0,0,0,0,0,0,0,0,0,0,0,0.021098841,0,0,0,0,0,0,0,0,0,0,0,0,0,0,0,0,0,0,0,0,0,0,0,0,0,0,0,0,0,0,0,0,0,0,0,0,0,0,0,0,0,0,0,0,0,0.000243247,0.000206608,0.000135286,0,0,0,0,0,0,0,0,0,0,0,0,0,0,0,0,0,0
Latvia,0,0,0,0,0,0,0,0,0,0,0,0,0,0,0,0,0,0,0,0,0,0,0,0,0.000698179,0,0,0,0,0,0,3.72E-05,3.16E-05,2.07E-05,0,0,0,0,0,0,0,0,0,0,0,0,0,0,0,0,0,0,0,0,0,0,0,0,0,0,0.000310003,0,0,9.76E-05,0,0,0,0,0,0,0,0,0,0,0,0,0,0,0,0,0,0,0,0,0,0,0,0,0,0,0,0,0,0,0,0,0,0,0,0,0,0,0,0,0,0,0,0,0,0,0,0,0,0,0,0,0,0,0,0,0,0,0,3.72E-05,3.16E-05,2.07E-05,0,0,0,0,0,0,0,0,0,0,0,0,0,0,0,0,0,0
Lithuania,0,0,0,0,0,0,0,0,0,0,0,0,0,0,0,0,0,0,0,0,0,0,0,0,0.000600482,0,0,0,0,0,0,1.82E-05,1.55E-05,1.01E-05,0,0,0,0,0,0,0,0,0,0,0,0,0,0,0,0,0,0,0,0,0,0,0,0,0,0,0.000310003,0,0,9.76E-05,0,0,0,0,0,0,0,0,0,0,0,0,0,0,0,0,0,0,0,0,0,0,0,0,0,0,0,0,0,0,0,0,0,0,0,0,0,0,0,0,0,0,0,0,0,0,0,0,0,0,0,0,0,0,0,0,0,0,0,1.82E-05,1.55E-05,1.01E-05,0,0,0,0,0,0,0,0,0,0,0,0,0,0,0,0,0,0
Romania,0,0,0,0,0,0,0,0,0,0,0,0,0,0,0,0,0,0,0,0,0,0,0,0,0.003942186,0,0,0,0,0,0,0.000525226,0.000446113,0.000292113,0,0,0,0,0,0,0,0,0,0,0,0,0,0,0,0,0,0,0,0.00010005,0.00060698,0,0,0,0,0,0.003312036,0,0,0.001951791,0.02640264,0,0,0,0,0,0,0,0,0,0,0,0,0,0,0,0,0,0,0,0,0,0,0,0,0,0,0,0,0,0,0,0,0,0,0,0,0,0,0,0,0,0,0,0,0,0,0,0,0,0,0,0,0,0,0,0,0,0,0.000525226,0.000446113,0.000292113,0,0,0,0,0,0,0,0,0,0,0,0,0,0,0,0,0,0
Slovakia,0,0,0,0,0,0,0,0,0,0,0,0,0,0,0,0,0,0,0,0,0,0,0,0,0.002127676,0,0,0,0,0,0,0.000157551,0.00013382,8.76E-05,0,0,0,0,0,0,0,0,0,0,0,0,0,0,0,0,0,0,0,0,0,0,0,0,0,0,0.002380026,0,0,0.000878306,0,0,0,0,0,0,0,0,0,0,0,0,0,0,0,0,0,0,0,0,0,0,0,0,0,0,0,0,0,0,0,0,0,0,0,0,0,0,0,0,0,0,0,0,0,0,0,0,0,0,0,0,0,0,0,0,0,0,0,0.000157551,0.00013382,8.76E-05,0,0,0,0,0,0,0,0,0,0,0,0,0,0,0,0,0,0
Slovenia,0,0,0,0,0,0,0,0,0,0,0,0,0,0,0,0,0,0,0,0,0,0,0,0,0.0012783,0,0,0,0,0,0,7.89E-05,6.70E-05,4.39E-05,0,0,0,0,0,0.001733159,0,0,0,0,0,0,0,0,0,0,0,0,0,0,0,0,0,0,0,0,0.00093101,0,0,0.000390358,0,0,0,0,0,0,0,0,0,0,0,0,0,0,0,0,0,0,0,0,0,0,0,0,0,0,0,0,0,0,0,0,0,0,0,0,0,0,0,0,0,0,0,0,0,0,0,0,0,0,0,0,0,0,0,0,0,0,0,7.89E-05,6.70E-05,4.39E-05,0,0,0,0,0,0,0,0,0,0,0,0,0,0,0,0,0,0
Angola,0,0,0,0,0,0,0,0,0,0,0,0,0,0,0,0,0,0,0,0,0,0,0,0,0,0,0,0,0,0,0,0.000158829,0.000134905,8.83E-05,0,0,0,0,0,0,0,0,0,0,0,0,0,0,0,0,0,0,0,0,0.00030349,0,0,0,0,0,0,0,0,0,0.01160116,0,0,0,0,0,0,0,0,0,0,0,0,0,0,0,0,0,0,0,0,0,0,0,0,0,0,0,0,0,0,0,0,0,0,0,0,0,0,0,0,0,0,0,0,0,0,0,0,0,0,0,0,0,0,0,0,0,0,0.000158829,0.000134905,8.83E-05,0,0,0,0,0,0,0,0,0,0,0,0,0,0,0,0,0,0
Azerbaijan,0,0,0,0,0,0,0,0,0,0,0,0,0,0,0,0,0,0,0,0,0,0,0,0,0,0,0,0,0,0,0,7.16E-05,6.08E-05,3.98E-05,0,0,0,0,0,0,0,0,0,0,0,0,0,0,0,0,0,0,0,0,0.000101163,0,0,0,0,0,0,0.001152295,0,0,0.00440044,0,0,0,0,0,0,0,0,0,0,0,0,0,0,0,0,0,0,0,0,0,0,0,0,0,0,0,0,0,0,0,0,0,0,0,0,0,0,0,0,0,0,0,0,0,0,0,0,0,0,0,0,0,0,0,0,0,0,7.16E-05,6.08E-05,3.98E-05,0,0,0,0,0,0,0,0,0,0,0,0,0,0,0,0,0,0
Bahrain,0,0,0,0,0,0,0,0,0,0,0,0,0,0,0,0,0,0,0,0,0,0,0,0,0,0,0,0,0,0,0,0.000469415,0.00039871,0.000261074,0,0,0,0,0.001371752,0,0,0,0,0,0,0,0,0,0,0,0,0,0,0,0.000809307,0,0,0,0,0,0,0,0,0,0.02850285,0,0,0,0,0,0,0,0,0,0,0,0,0,0,0,0,0,0,0,0,0,0,0,0,0,0,0,0,0,0,0,0,0,0,0,0,0,0,0,0,0,0,0,0,0,0,0,0,0,0,0,0,0,0,0,0,0,0,0.000469415,0.00039871,0.000261074,0,0,0,0,0,0,0,0,0,0,0,0,0,0,0,0,0,0
Barbados,0,0,0,0,0,0,0,0,0,0,0,0,0,0,0,0,0,0,0,0,0,0,0,0,0,0,0,0,0,0,0,1.39E-05,1.18E-05,7.70E-06,0,0,0,0,0,0,0,0,0,0,0,0,0,0,0,0,0,0,0,0,0,0,0,0,0,0,0,0,0,0,0,0,0,0,0,0,0,0,0,0,0,0,0,0,0,0,0,0,0,0,0,0,0,0,0,0,0,0,0,0,0,0,0,0,0,0,0,0,0,0,0,0,0,0,0,0,0,0,0,0,0,0,0,0,0,0,0,0,0,1.39E-05,1.18E-05,7.70E-06,0,0,0,0,0,0,0,0,0,0,0,0,0,0,0,0,0,0
Belarus,0,0,0,0,0,0,0,0,0,0,0,0,0,0,0,0,0,0,0,0,0,0,0,0,0,0,0,0,0,0,0,0,0,0,0,0,0,0,0,0,0,0,0,0,0,0,0,0,0,0,0,0,0,0,0,0,0,0,0,0,0,0,0,0,0,0,0,0,0,0,0,0,0,0,0,0,0,0,0,0,0,0,0,0,0,0,0,0,0,0,0,0,0,0,0,0,0,0,0,0,0,0,0,0,0,0,0,0,0,0,0,0,0,0,0,0,0,0,0,0,0,0,0,0,0,0,0,0,0,0,0,0,0,0,0,0,0,0,0,0,0,0,0,0
Bolivia,0,0,0,0,0,0,0,0,0,0,0,0,0,0,0,0,0,0,0,0,0,0,0,0,0,0,0,0,0,0,0,1.95E-05,1.65E-05,1.08E-05,0,0,0,0,0,0,0,0,0,0,0,0,0,0,0,0,0,0,0,0,0,0,0,0,0,0,0,0,0,0,0.00090009,0,0,0,0,0,0,0,0,0,0,0,0,0,0,0,0,0,0,0,0,0,0,0,0,0,0,0,0,0,0,0,0,0,0,0,0,0,0,0,0,0,0,0,0,0,0,0,0,0,0,0,0,0,0,0,0,0,0,1.95E-05,1.65E-05,1.08E-05,0,0,0,0,0,0,0,0,0,0,0,0,0,0,0,0,0,0
Burkina Faso,0,0,0,0,0,0,0,0,0,0,0,0,0,0,0,0,0,0,0,0,0,0,0,0,0,0,0,0,0,0,0,0,0,0,0,0.00020004,0,0,0.000925466,0,0,0,0,0,0,0,0,0.00060006,0,0,0,0,0,0.0004002,0,0,0,0,0,0,0,0,0,0,0,0,0,0,0,0,0,0,0,0,0,0,0,0,0,0,0,0,0,0,0,0,0,0,0,0,0,0,0,0,0,0,0,0,0,0,0,0,0,0,0,0,0,0,0,0,0,0,0,0,0,0,0,0.006417696,0,0,0,0,0,0,0,0,0,0,0,0,0,0,0,0,0,0,0,0,0,0,0,0,0,0
Cayman Islands,0,0,0,0,0,0,0,0,0,0,0,0,0,0,0,0,0,0,0,0,0,0,0,0,0,0,0,0,0,0,0,0.002369797,0.002012845,0.001318004,0,0,0,0,4.89E-07,0,0,0,0,0,0,0,0,0,0,0,0.00030015,0,0,0,0,0,0,0,0,0,0,0,0,0.001561433,0,0.00440044,0,0,0,0,0,0,0,0,0,0,0,0,0,0,0,0,0,0.0019007,0,0,0,0,0,0,0,0,0,0,0,0,0,0,0,0,0,0,0,0,0,0,0,0,0,0,0,0,0,0,0,0,0.006025798,0,0,0,0,0,0,0.002369797,0.002012845,0.001318004,0,0,0,0,0,0,0,0,0,0,0,0,0,0,0,0,0,0
Costa Rica,0,0,0,0,0,0,0,0,0,0,0,0,0,0,0,0,0,0,0,0,0,0,0,0,0,0,0,0,0,0,0,0.000146379,0.000124331,8.14E-05,0,0,0,0,0,0,0,0,0,0,0,0,0,0,0,0,0,0,0,0,0.00030349,0,0,0,0,0,0,0,0,0,0.01030103,0,0,0,0,0,0,0,0,0,0,0,0,0,0,0,0,0,0,0,0,0,0,0,0,0,0,0,0,0,0,0,0,0,0,0,0,0,0,0,0,0,0,0,0,0,0,0,0,0,0,0,0,0,0,0,0,0,0,0.000146379,0.000124331,8.14E-05,0,0,0,0,0,0,0,0,0,0,0,0,0,0,0,0,0,0
Dominican Republic,0,0,0,0,0,0,0,0,0,0,0,0,0,0,0,0,0,0,0,0,0,0,0,0,0,0,0,0,0,0,0,0.000498779,0.000423651,0.000277405,0,0,0,0,0,0,0,0,0,0,0,0,0,0,0,0,0,0,0,0,0.000809307,0,0,0,0,0,0,0,0,0,0.03280328,0,0,0,0,0,0,0,0,0,0,0,0,0,0,0,0,0,0,0,0,0,0,0,0,0,0,0,0,0,0,0,0,0,0,0,0,0,0,0,0,0,0,0,0,0,0,0,0,0,0,0,0,0,0,0,0,0,0,0.000498779,0.000423651,0.000277405,0,0,0,0,0,0,0,0,0,0,0,0,0,0,0,0,0,0
Ecuador,0,0,0,0,0,0,0,0,0,0,0,0,0,0,0,0,0,0,0,0,0,0,0,0,0,0,0,0,0,0,0,0.000158318,0.000134471,8.81E-05,0,0,0,0,0,0,0,0,0,0,0,0,0,0,0,0,0,0,0,0,0.00030349,0,0,0,0,0,0,0,0,0,0.01290129,0,0,0,0,0,0,0,0,0,0,0,0,0,0,0,0,0,0,0,0,0,0,0,0,0,0,0,0,0,0,0,0,0,0,0,0,0,0,0,0,0,0,0,0,0,0,0,0,0,0,0,0,0,0,0,0,0,0,0.000158318,0.000134471,8.81E-05,0,0,0,0,0,0,0,0,0,0,0,0,0,0,0,0,0,0
El Salvador,0,0,0,0,0,0,0,0,0,0,0,0,0,0,0,0,0,0,0,0,0,0,0,0,0,0,0,0,0,0,0,0.000105137,8.93E-05,5.85E-05,0,0,0,0,0,0,0,0,0,0,0,0,0,0,0,0,0,0,0,0,0.000101163,0,0,0,0,0,0,0,0,0,0.00370037,0,0,0,0,0,0,0,0,0,0,0,0,0,0,0,0,0,0,0,0,0,0,0,0,0,0,0,0,0,0,0,0,0,0,0,0,0,0,0,0,0,0,0,0,0,0,0,0,0,0,0,0,0,0,0,0,0,0,0.000105137,8.93E-05,5.85E-05,0,0,0,0,0,0,0,0,0,0,0,0,0,0,0,0,0,0
Gabon,0,0,0,0,0,0,0,0,0,0,0,0,0,0,0,0,0,0,0,0,0,0,0,0,0,0,0,0,0,0,0,2.20E-05,1.87E-05,1.22E-05,0,0,0,0,0,0,0,0,0,0,0,0,0,0,0,0,0,0,0,0,0.000101163,0,0,0,0,0,0,0,0,0,0,0,0,0,0,0,0,0,0,0,0,0,0,0,0,0,0,0,0,0,0,0,0,0,0,0,0,0,0,0,0,0,0,0,0,0,0,0,0,0,0,0,0,0,0,0,0,0,0,0,0,0,0,0,0,0,0,0,0,2.20E-05,1.87E-05,1.22E-05,0,0,0,0,0,0,0,0,0,0,0,0,0,0,0,0,0,0
Georgia,0,0,0,0,0,0,0,0,0,0,0,0,0,0,0,0,0,0,0,0,0,0,0,0,0,0,0,0,0,0,0,2.68E-05,2.62E-05,2.52E-05,0,0.00020004,0,0,0,0,0,0,0,0,0,0,0,0,0,0,0,0,0,0.00030015,0,0,0,0,0,0,0,0,0,0,0,0,0,0,0,0,0,0,0,0,0,0,0,0,0,0,0,0,0,0,0,0,0,0,0,0,0,0,0,0,0,0,0,0,0,0,0,0,0,0,0,0,0,0,0,0,0,0,0,0,0,0,0,0,0,0,0,0,0,2.68E-05,2.62E-05,2.52E-05,0,0,0,0,0,0,0,0,0,0,0,0,0,0,0,0,0,0
Ghana,0,0,0,0,0,0,0,0,0,0,0,0,0,0,0,0,0,0,0,0,0,0,0,0,0,0,0,0,0,0,0,0.000124553,0.000105792,6.93E-05,0,0,0,0,0.004411545,0,0,0,0,0,0,0,0,0,0,0,0,0,0,0,0.00030349,0,0,0,0,0,0,0,0,0,0.00850085,0,0,0,0,0,0,0,0,0,0,0,0,0,0,0,0,0,0,0,0,0,0,0,0,0,0,0,0,0,0,0,0,0,0,0,0,0,0,0,0,0,0,0,0,0,0,0,0,0,0,0,0,0,0,0,0,0,0,0.000124553,0.000105792,6.93E-05,0,0,0,0,0,0,0,0,0,0,0,0,0,0,0,0,0,0
Guatemala,0,0,0,0,0,0,0,0,0,0,0,0,0,0,0,0,0,0,0,0,0,0,0,0,0,0,0,0,0,0,0,0.000191034,0.000162259,0.000106247,0,0.00010002,0,0,0.008599411,0,0,0,0,0,0,0,0,0.00070007,0,0,0,0,0,0.00030015,0.000404654,0,0,0,0,0,0,0,0,0,0.00360036,0,0,0,0,0,0,0,0,0,0,0,0,0,0,0,0,0,0,0,0,0,0,0,0,0,0,0,0,0,0,0,0,0,0,0,0,0,0,0,0,0,0,0,0,0,0,0,0,0,0,0,0,0,0,0,0,0,0,0.000191034,0.000162259,0.000106247,0,0,0,0,0,0,0,0,0,0,0,0,0,0,0,0,0,0
Honduras,0,0,0,0,0,0,0,0,0,0,0,0,0,0,0,0,0,0,0,0,0,0,0,0,0,0,0,0,0,0,0,2.40E-05,2.04E-05,1.34E-05,0,0,0,0,0,0,0,0,0,0,0,0,0,0,0,0,0,0,0,0,0,0,0,0,0,0,0,0,0,0,0,0,0,0,0,0,0,0,0,0,0,0,0,0,0,0,0,0,0,0,0,0,0,0,0,0,0,0,0,0,0,0,0,0,0,0,0,0,0,0,0,0,0,0,0,0,0,0,0,0,0,0,0,0,0,0,0,0,0,2.40E-05,2.04E-05,1.34E-05,0,0,0,0,0,0,0,0,0,0,0,0,0,0,0,0,0,0
Iraq,0,0,0,0,0,0,0,0,0,0,0,0,0,0,0,0,0,0,0,0,0,0,0,0,0,0,0,0,0,0,0,2.04E-05,1.73E-05,1.14E-05,0,0,0,0,0,0,0,0,0,0,0,0,0,0,0,0,0,0,0,0,0,0,0,0,0,0,0,0,0,0,0.0020002,0,0,0,0,0,0,0,0,0,0,0,0,0,0,0,0,0,0,0,0,0,0,0,0,0,0,0,0,0,0,0,0,0,0,0,0,0,0,0,0,0,0,0,0,0,0,0,0,0,0,0,0,0,0,0,0,0,0,2.04E-05,1.73E-05,1.14E-05,0,0,0,0,0,0,0,0,0,0,0,0,0,0,0,0,0,0
Ivory Coast,0,0,0,0,0,0,0,0,0,0,0,0,0,0,0,0,0,0,0,0,0,0,0,0,0,0,0,0,0,0,0,0.000386129,0.000327968,0.000214753,0,0,0,0,0,0,0,0,0,0,0,0,0,0,0,0,0,0,0,0,0.000101163,0,0,0,0,0,0,0,0,0.000292769,0.00570057,0,0.000382446,0,0,0,0,0,0,0,0,0,0,0,0,0,0,0,0,0,0,0,0,0,0,0,0,0,0,0,0,0,0,0,0,0,0,0,0,0,0,0,0,0,0,0,0,0,0,0,0,0,0,0,0,0,0,0,0,0.000386129,0.000327968,0.000214753,0,0,0,0,0,0,0,0,0,0,0,0,0,0,0,0,0,0
Jamaica,0,0,0,0,0,0,0,0,0,0,0,0,0,0,0,0,0,0,0,0,0,0,0,0,0,0,0,0,0,0,0,9.56E-05,8.12E-05,5.31E-05,0,0,0,0,0,0,0,0,0,0,0,0,0,0,0,0,0,0,0,0,0.000202327,0,0,0,0,0,0,0,0,0,0.00750075,0,0,0,0,0,0,0,0,0,0,0,0,0,0,0,0,0,0,0,0,0,0,0,0,0,0,0,0,0,0,0,0,0,0,0,0,0,0,0,0,0,0,0,0,0,0,0,0,0,0,0,0,0,0,0,0,0,0,9.56E-05,8.12E-05,5.31E-05,0,0,0,0,0,0,0,0,0,0,0,0,0,0,0,0,0,0
Jordan,0,0,0,0,0,0,0,0,0,0,0,0,0,0,0,0,0,0,0,0,0,0,0,0,0,0,0,0,0,6.31E-05,4.46E-05,0.000131489,0.00011909,9.50E-05,0,0.00020004,0,0,0.000941772,0,0,0,0,0,0,0,0,0,0,0,0,0,0,0.0002001,0.000202327,0,0,0,0,0,0,0,0,0,0.00790079,0,0,0.00020006,0,0,0,0,0,0,0,0,0,0,0,0,0,0,0,0,0,0,0,0,0,0,0,0,0,0,0,0,0,0,0,0,0,0,0,0,0,0,0,0,0,0,0,0,0,0,0,0,0,0,0,0,6.31E-05,4.46E-05,0,0.000131489,0.00011909,9.50E-05,0,0,0,0,0,0,0.00010002,0,0,0,0,0,0,0,0,0,0,0
Kenya,0,0,0,0,0,0,0,0,0,0,0,0,0,0,0,0,0,0,0,0,0,0,0,0,0,0,0,0,0,0,0,0.000114224,9.70E-05,6.35E-05,0,0,0,0,0,0,0,0,0,0,0,0,0,0,0,0,0,0,0,0,0.000202327,0,0,0,0,0,0,0,0,0,0.00790079,0,0,0,0,0,0,0,0,0,0,0,0,0,0,0,0,0,0,0,0,0,0,0,0,0,0,0,0,0,0,0,0,0,0,0,0,0,0,0,0,0,0,0,0,0,0,0,0,0,0,0,0,0,0,0,0,0,0,0.000114224,9.70E-05,6.35E-05,0,0,0,0,0,0,0,0,0,0,0,0,0,0,0,0,0,0
Lebanon,0,0,0,0,0,0,0,0,0,0,0,0,0,0,0,0,0,0,0,0,0,0,0,0,0,0,0,0,0,0,0,1.26E-05,1.07E-05,6.99E-06,0,0,0,0,0,0,0,0,0,0,0,0,0,0,0,0,0,0,0,0,0,0,0,0,0,0,0,0,0,0,0.00070007,0,0,0,0,0,0,0,0,0,0,0,0,0,0,0,0,0,0,0,0,0,0,0,0,0,0,0,0,0,0,0,0,0,0,0,0,0,0,0,0,0,0,0,0,0,0,0,0,0,0,0,0,0,0,0,0,0,0,1.26E-05,1.07E-05,6.99E-06,0,0,0,0,0,0,0,0,0,0,0,0,0,0,0,0,0,0
Maldives,0,0,0,0,0,0,0,0,0,0,0,0,0,0,0,0,0,0,0,0,0,0,0,0,0,0,0,0,0,0,0,1.24E-05,1.05E-05,6.91E-06,0,0,0,0,0,0,0,0,0,0,0,0,0,0,0,0,0,0,0,0,0,0,0,0,0,0,0,0,0,0,0,0,0,0,0,0,0,0,0,0,0,0,0,0,0,0,0,0,0,0,0,0,0,0,0,0,0,0,0,0,0,0,0,0,0,0,0,0,0,0,0,0,0,0,0,0,0,0,0,0,0,0,0,0,0,0,0,0,0,1.24E-05,1.05E-05,6.91E-06,0,0,0,0,0,0,0,0,0,0,0,0,0,0,0,0,0,0
Moldova,0,0,0,0,0,0,0,0,0,0,0,0,0,0,0,0,0,0,0,0,0,0,0,0,0,0,0,0,0,0,0,0,0,0,0,0,0,0,0,0,0,0,0,0,0,0,0,0,0,0,0,0,0,0,0,0,0,0,0,0,0,0,0,0,0,0,0,0,0,0,0,0,0,0,0,0,0,0,0,0,0,0,0,0,0,0,0,0,0,0,0,0,0,0,0,0,0,0,0,0,0,0,0,0,0,0,0,0,0,0,0,0,0,0,0,0,0,0,0,0,0,0,0,0,0,0,0,0,0,0,0,0,0,0,0,0,0,0,0,0,0,0,0,0
Mongolia,0,0,0,0,0,0,0,0,0,0,0,0,0,0,0,0,0,0,0,0,0,0,0,0,0,0,0,0,0,0,0,4.14E-05,3.51E-05,2.30E-05,0,0,0,0,0,0,0,0,0,0,0,0,0,0,0,0,0,0,0,0.0002001,0.000101163,0,0,0,0,0,0,0,0,0,0,0,0,0,0,0,0,0,0,0,0,0,0,0,0,0,0,0,0,0,0,0,0,0,0,0,0,0,0,0,0,0,0,0,0,0,0,0,0,0,0,0,0,0,0,0,0,0,0,0,0,0,0,0,0,0,0,0,0,4.14E-05,3.51E-05,2.30E-05,0,0,0,0,0,0,0,0,0,0,0,0,0,0,0,0,0,0
Morocco,0,0,0,0,0,0,0,0,0,0,0,0,0,0,0,0,0,0,0,0,0,0,0,0,0,0,0,0,0,0,0,0.000191319,0.000162501,0.000106405,0,0,0,0,0.004804531,0,0,0,0,0,0,0,0,0,0,0,0,0,0,0,0.00030349,0,0,0,0,0,0,0,0,0,0.00640064,0,0,0,0,0,0,0,0,0,0,0,0,0,0,0,0,0,0,0,0,0,0,0,0,0,0,0,0,0,0,0,0,0,0,0,0,0,0,0,0,0,0,0,0,0,0,0,0,0,0,0,0,0,0,0,0,0,0,0.000191319,0.000162501,0.000106405,0,0,0,0,0,0,0,0,0,0,0,0,0,0,0,0,0,0
Mozambique,0,0,0,0,0,0,0,0,0,0,0,0,0,0,0,0,0,0,0,0,0,0,0,0,0,0,0,0,0,0,0,1.50E-05,1.27E-05,8.32E-06,0,0,0,0,0,0,0,0,0,0,0,0,0,0,0,0,0,0,0,0,0,0,0,0,0,0,0,0,0,0,0,0,0,0,0,0,0,0,0,0,0,0,0,0,0,0,0,0,0,0,0,0,0,0,0,0,0,0,0,0,0,0,0,0,0,0,0,0,0,0,0,0,0,0,0,0,0,0,0,0,0,0,0,0,0,0,0,0,0,1.50E-05,1.27E-05,8.32E-06,0,0,0,0,0,0,0,0,0,0,0,0,0,0,0,0,0,0
Namibia,0,0,0,0,0,0,0,0,0,0,0,0,0,0,0,0,0,0,0,0,0,0,0,0,0,0,0,0,0,0,0,1.28E-05,1.09E-05,7.12E-06,0,0,0,0,0,0,0,0,0,0,0,0,0,0,0,0,0,0,0,0,0,0,0,0,0,0,0,0,0,0,0,0,0,0,0,0,0,0,0,0,0,0,0,0,0,0,0,0,0,0,0,0,0,0,0,0,0,0,0,0,0,0,0,0,0,0,0,0,0,0,0,0,0,0,0,0,0,0,0,0,0,0,0,0,0,0,0,0,0,1.28E-05,1.09E-05,7.12E-06,0,0,0,0,0,0,0,0,0,0,0,0,0,0,0,0,0,0
Nigeria,0,0,0,0,0,0,0,0,0,0,0,0,0,0,0,0,0,0,0,0,0,0,0,0,0,0,0,0,0,0,0,0.000305244,0.000259266,0.000169767,0,0.00010002,0,0,0.00773737,0,0,0,0,0,0,0,0,0,0,0,0,0,0,0.00010005,0.000505817,0,0,0,0,0,0,0,0,0,0.01960196,0,0,0,0,0,0,0,0,0,0,0,0,0,0,0,0,0,0,0,0,0,0,0,0,0,0,0,0,0,0,0,0,0,0,0,0,0,0,0,0,0,0,0,0,0,0,0,0,0,0,0,0,0,0,0,0,0,0,0.000305244,0.000259266,0.000169767,0,0,0,0,0,0,0,0,0,0,0,0,0,0,0,0,0,0
Oman,0,0,0,0,0,0,0,0,0,0,0,0,0,0,0,0,0,0,0,0,0,0,0,0,0,0,0,0,0,0,0,0.000496457,0.000421678,0.000276113,0,0,0,0,0.003839523,0,0,0,0,0,0,0,0,0,0,0,0,0,0,0,0.00091047,0,0,0,0,0,0,0,0,0,0.03510351,0,0,0,0,0,0,0,0,0,0,0,0,0,0,0,0,0,0,0,0,0,0,0,0,0,0,0,0,0,0,0,0,0,0,0,0,0,0,0,0,0,0,0,0,0,0,0,0,0,0,0,0,0,0,0,0,0,0,0.000496457,0.000421678,0.000276113,0,0,0,0,0,0,0,0,0,0,0,0,0,0,0,0,0,0
Pakistan,0,0,0,0,0,0,0,0,0,0,0,0,0,0,0,0,0,0,0,0,0,0,0,0,0,0,0,0,0,0,0,0.000115243,9.79E-05,6.41E-05,0,0,0,0,0,0,0,0,0,0,0,0,0,0,0,0,0,0,0,0,0.000202327,0,0,0,0,0,0,0,0,0,0.00690069,0,0,0,0,0,0,0,0,0,0,0,0,0,0,0,0,0,0,0,0,0,0,0,0,0,0,0,0,0,0,0,0,0,0,0,0,0,0,0,0,0,0,0,0,0,0,0,0,0,0,0,0,0,0,0,0,0,0,0.000115243,9.79E-05,6.41E-05,0,0,0,0,0,0,0,0,0,0,0,0,0,0,0,0,0,0
Papua New Guinea,0,0,0,0,0,0,0,0,0,0,0,0,0,0,0,0,0,0,0,0,0,0,0,0,0,0,0,0,0,0,0,8.00E-06,6.80E-06,4.45E-06,0,0,0,0,0,0,0,0,0,0,0,0,0,0,0,0,0,0,0,0,0,0,0,0,0,0,0,0,0,0,0,0,0,0,0,0,0,0,0,0,0,0,0,0,0,0,0,0,0,0,0,0,0,0,0,0,0,0,0,0,0,0,0,0,0,0,0,0,0,0,0,0,0,0,0,0,0,0,0,0,0,0,0,0,0,0,0,0,0,8.00E-06,6.80E-06,4.45E-06,0,0,0,0,0,0,0,0,0,0,0,0,0,0,0,0,0,0
Paraguay,0,0,0,0,0,0,0,0,0,0,0,0,0,0,0,0,0,0,0,0,0,0,0,0,0,0,0,0,0,0,0,0.000128407,0.000109066,7.14E-05,0,0,0,0,0.002122811,0,0,0,0,0,0,0,0,0,0,0,0,0,0,0,0.000202327,0,0,0,0,0,0,0,0,0,0.00450045,0,0,0,0,0,0,0,0,0,0,0,0,0,0,0,0,0,0,0,0,0,0,0,0,0,0,0,0,0,0,0,0,0,0,0,0,0,0,0,0,0,0,0,0,0,0,0,0,0,0,0,0,0,0,0,0,0,0,0.000128407,0.000109066,7.14E-05,0,0,0,0,0,0,0,0,0,0,0,0,0,0,0,0,0,0
Russian Federation,0,0,0,0,0,0,0,0,0,0,0,0,0,0,0,0,0,0,0,0,0,0,0,0,0,0,0,0,0,0,0,0,0,0,0,0,0,0,0,0,0,0,0,0,0,0,0,0,0,0,0,0,0,0,0,0,0,0,0,0,0,0,0,0,0,0,0,0,0,0,0,0,0,0,0,0,0,0,0,0,0,0,0,0,0,0,0,0,0,0,0,4.49E-06,0,0,0,0,0,0,0,0,0,0,0,0,0,0,0,0,0,0,0,0,0,0,0,0,0,0,0,0,0,0,0,0,0,0,0,0,0,0,0,0,0,0,0,0,0,0,0,0,0,0,0,0
Rwanda,0,0,0,0,0,0,0,0,0,0,0,0,0,0,0,0,0,0,0,0,0,0,0,0,0,0,0,0,0,0,0,6.79E-06,5.77E-06,3.78E-06,0,0,0,0,0,0,0,0,0,0,0,0,0,0,0,0,0,0,0,0,0,0,0,0,0,0,0,0,0,0,0,0,0,0,0,0,0,0,0,0,0,0,0,0,0,0,0,0,0,0,0,0,0,0,0,0,0,0,0,0,0,0,0,0,0,0,0,0,0,0,0,0,0,0,0,0,0,0,0,0,0,0,0,0,0,0,0,0,0,6.79E-06,5.77E-06,3.78E-06,0,0,0,0,0,0,0,0,0,0,0,0,0,0,0,0,0,0
Senegal,0,0,0,0,0,0,0,0,0,0,0,0,0,0,0,0,0,0,0,0,0,0,0,0,0,0,0,0,0,0,0,4.19E-05,3.56E-05,2.33E-05,0,0,0,0,0,0,0,0,0,0,0,0,0,0,0,0,0,0,0,0,0.000101163,0,0,0,0,0,0,0,0,0,0.00260026,0,0,0,0,0,0,0,0,0,0,0,0,0,0,0,0,0,0,0,0,0,0,0,0,0,0,0,0,0,0,0,0,0,0,0,0,0,0,0,0,0,0,0,0,0,0,0,0,0,0,0,0,0,0,0,0,0,0,4.19E-05,3.56E-05,2.33E-05,0,0,0,0,0,0,0,0,0,0,0,0,0,0,0,0,0,0
Serbia,0,0,0,0,0,0,0,0,0,0,0,0,0,0,0,0,0,0,0,0,0,0,0,0,0,0,0,0,0,0,0,8.36E-05,7.10E-05,4.65E-05,0,0,0,0,0,0,0,0,0,0,0,0,0,0,0,0,0,0,0,0,0.000101163,0,0,0,0,0,0,0,0,0,0.0030003,0,0,0,0,0,0,0,0,0,0,0,0,0,0,0,0,0,0,0,0,0,0,0,0,0,0,0,0,0,0,0,0,0,0,0,0,0,0,0,0,0,0,0,0,0,0,0,0,0,0,0,0,0,0,0,0,0,0,8.36E-05,7.10E-05,4.65E-05,0,0,0,0,0,0,0,0,0,0,0,0,0,0,0,0,0,0
Slovak Republic,0,0,0,0,0,0,0,0,0,0,0,0,0,0,0,0,0,0,0,0,0,0,0,0,0,0,0,0,0,0,0,0,0,0,0,0,0,0,0,0,0,0,0,0,0,0,0,0,0,0,0,0,0,0,0,0,0,0,0,0,0,0,0,0,0,0,0,0,0,0,0,0,0,0,0,0,0,0,0,0,0,0,0,0,0,0,0,0,0,0,0,0,0,0,0,0,0,0,0,0,0,0,0,0,0,0,0,0,0,0,0,0,0,0,0,0,0,0,0,0,0,0,0,0,0,0,0,0,0,0,0,0,0,0,0,0,0,0,0,0,0,0,0,0
Sri Lanka,0,0,0,0,0,0,0,0,0,0,0,0,0,0,0,0,0,0,0,0,0,0,0,0,0,0,0,0,0,0,0,8.69E-05,7.38E-05,4.83E-05,0,0,0,0,0,0,0,0,0,0,0,0,0,0,0,0,0,0,0,0,0.000202327,0,0,0,0,0,0,0,0,0,0.00720072,0,0,0,0,0,0,0,0,0,0,0,0,0,0,0,0,0,0,0,0,0,0,0,0,0,0,0,0,0,0,0,0,0,0,0,0,0,0,0,0,0,0,0,0,0,0,0,0,0,0,0,0,0,0,0,0,0,0,8.69E-05,7.38E-05,4.83E-05,0,0,0,0,0,0,0,0,0,0,0,0,0,0,0,0,0,0
Suriname,0,0,0,0,0,0,0,0,0,0,0,0,0,0,0,0,0,0,0,0,0,0,0,0,0,0,0,0,0,0,0,1.26E-05,1.07E-05,6.99E-06,0,0,0,0,0,0,0,0,0,0,0,0,0,0,0,0,0,0,0,0,0,0,0,0,0,0,0,0,0,0,0,0,0,0,0,0,0,0,0,0,0,0,0,0,0,0,0,0,0,0,0,0,0,0,0,0,0,0,0,0,0,0,0,0,0,0,0,0,0,0,0,0,0,0,0,0,0,0,0,0,0,0,0,0,0,0,0,0,0,1.26E-05,1.07E-05,6.99E-06,0,0,0,0,0,0,0,0,0,0,0,0,0,0,0,0,0,0
Tanzania,0,0,0,0,0,0,0,0,0,0,0,0,0,0,0,0,0,0,0,0,0,0,0,0,0,0,0,0,0,0,0,0,0,0,0,0.00010002,0,0,0.001468942,0,0,0,0,0,0,0,0,0,0,0,0,0,0,0,0,0,0,0,0,0,0,0,0,0,0,0,0,0,0,0,0,0,0,0,0,0,0,0,0,0,0,0,0,0,0,0,0,0,0,0,0,0,0,0,0,0,0,0,0,0,0,0,0,0,0,0,0,0,0,0,0,0,0,0,0,0,0,0,0,0,0,0,0,0,0,0,0,0,0,0,0,0,0,0,0,0,0,0,0,0,0,0,0,0
Trinidad and Tobago,0,0,0,0,0,0,0,0,0,0,0,0,0,0,0,0,0,0,0,0,0,0,0,0,0,0,0,0,0,0,0,0,0,0,0,0,0,0,0,0,0,0,0,0,0,0,0,0,0,0,0,0,0,0,0,0,0,0,0,0,0,0,0,0,0,0,0,0,0,0,0,0,0,0,0,0,0,0,0,0,0,0,0,0,0,0,0,0,0,0,0,0,0,0,0,0,0,0,0,0,0,0,0,0,0,0,0,0,0,0,0,0,0,0,0,0,0,0,0,0,0,0,0,0,0,0,0,0,0,0,0,0,0,0,0,0,0,0,0,0,0,0,0,0
Ukraine,0,0,0,0,0,0,0,0,0,0,0,0,0,0,0,0,0,0,0,0,0,0,0,0,0,0,0,0,0,0,0,0.000113167,9.61E-05,6.29E-05,0,0,0,0,0.00173658,0,0,0,0,0,0,0,0,0,0,0,0,0,0,0,0.000202327,0,0,0,0,0,0,0,0,0,0.00740074,0,0,0,0,0,0,0,0,0,0,0,0,0,0,0,0,0,0,0,0,0,0,0,0,0,0,0,0,0,0,0,0,0,0,0,0,0,0,0,0,0,0,0,0,0,0,0,0,0,0,0,0,0,0,0,0,0,0,0.000113167,9.61E-05,6.29E-05,0,0,0,0,0,0,0,0,0,0,0,0,0,0,0,0,0,0
Uzbekistan,0,0,0,0,0,0,0,0,0,0,0,0,0,0,0,0,0,0,0,0,0,0,0,0,0,0,0,0,0,0,0,4.12E-06,3.50E-06,2.29E-06,0,0,0,0,0,0,0,0,0,0,0,0,0,0,0,0,0,0,0,0,0,0,0,0,0,0,0,0,0,0,0,0,0,0,0,0,0,0,0,0,0,0,0,0,0,0,0,0,0,0,0,0,0,0,0,0,0,0,0,0,0,0,0,0,0,0,0,0,0,0,0,0,0,0,0,0,0,0,0,0,0,0,0,0,0,0,0,0,0,4.12E-06,3.50E-06,2.29E-06,0,0,0,0,0,0,0,0,0,0,0,0,0,0,0,0,0,0
Vietnam,0,0,0,0,0,0,0,0,0,0,0,0,0,0,0,0,0,0,0,0,0,0,0,0,0,0,0,0,0,0,0,8.75E-06,7.43E-06,4.87E-06,0,0,0,0,0.001080846,0,0,0,0,0,0,0,0,0,0,0,0,0,0,0,0,0,0,0,0,0,0,0,0,0,0,0,0,0,0,0,0,0,0,0,0,0,0,0,0,0,0,0,0,0,0,0,0,0,0,0,0,0,0,0,0,0,0,0,0,0,0,0,0,0,0,0,0,0,0,0,0,0,0,0,0,0,0,0,0,0,0,0,0,8.75E-06,7.43E-06,4.87E-06,0,0,0,0,0,0,0,0,0,0,0,0,0,0,0,0,0,0
Zambia,0,0,0,0,0,0,0,0,0,0,0,0,0,0,0,0,0,0,0,0,0,0,0,0,0,0,0,0,0,0,0,3.03E-05,2.57E-05,1.68E-05,0,0.00030006,0,0,0.010324197,0,0,0,0,0,0,0,0,0.00020002,0,0,0,0,0,0.0002001,0.000202327,0,0,0,0,0,0,0,0,0,0.00250025,0,0,0,0,0,0,0,0,0,0,0,0,0,0,0,0,0,0,0,0,0,0,0,0,0,0,0,0,0,0,0,0,0,0,0,0,0,0,0,0,0,0,0,0,0,0,0,0,0,0,0,0,0.013566391,0,0,0,0,0,3.03E-05,2.57E-05,1.68E-05,0,0,0,0,0,0,0,0,0,0,0,0,0,0,0,0,0,0
Not Classified (commodities),0,0,0,0,0,0,0,0,0,0,0,0,0,0,0,0,0,0,0,0,0,0,0,0,0,0,1,0,0,0,0,0,0,0,0,0,0,0,0,0,0,0,0,0,0,0,0,0,1,0,0,0,0,0,0,0,0,0,0,0,0,0,0,0,0,0,0,0,0,0,0,0,0,0,0,0,0,0,0,0,0,0,0,0,0,0,0,0,0,0,0,0,0,0,0,0,0,0,0,0,0,0,0,0,0,0,0,0,0,0,0,0,0,0,0,0,0,0,0,0,0,0,0,0,0,0,0,0,0,0,0,0,0,0,0,0,0,0,0,0,0,0,0,0
Republic of Moldova,0,0,0,0,0,0,0,0,0,0,0,0,0,0,0,0,0,0,0,0,0,0,0,0,0,0,0,0,0,0,0,0,0,0,0,0,0,0,0.000783101,0,0,0,0,0,0,0,0,0,0,0,0,0,0,0,0,0,0,0,0,0,0,0,0,0,0,0,0,0,0,0,0,0,0,0,0,0,0,0,0,0,0,0,0,0,0,0,0,0,0,0,0,0,0,0,0,0,0,0,0,0,0,0,0,0,0,0,0,0,0,0,0,0,0,0,0,0,0,0,0,0,0,0,0,0,0,0,0,0,0,0,0,0,0,0,0,0,0,0,0,0,0,0,0,0
Puerto Rico,0,0,0,0,0,0,0,0,0,0,0,0,0,0,0,0,0,0,0,0,0,0,0,0,0,0,0,0,0,0,0,2.85E-05,3.76E-05,5.54E-05,0,0,0,0,0,0,0,0,0,0,0,0,0,0,0,0,0,0,0,0,0,0,0,0,0.001476999,0,0,0,0,0,0,0,0,0,0,0,0,0,0,0,0,0,0,0,0,0,0,0,0,0,0,0,0,0,0,0,0,0,0,0,0,0,0,0,0,0,0,0,0,0,0,0,0,0,0,0,0,0,0,0,0,0,0.001788909,0,0,0,0,0,0,2.85E-05,3.76E-05,5.54E-05,0,0,0,0,0,0,0,0,0,0,0,0,0,0,0,0,0,0
Trinidad & Tobago,0,0,0,0,0,0,0,0,0,0,0,0,0,0,0,0,0,0,0,0,0,0,0,0,0,0,0,0,0,0,0,7.09E-05,6.02E-05,3.94E-05,0,0,0,0,0,0,0,0,0,0,0,0,0,0,0,0,0,0,0,0,0,0,0,0,0,0,0,0,0,0,0.00150015,0,0,0,0,0,0,0,0,0,0,0,0,0,0,0,0,0,0,0,0,0,0,0,0,0,0,0,0,0,0,0,0,0,0,0,0,0,0,0,0,0,0,0,0,0,0,0,0,0,0,0,0,0,0,0,0,0,0,7.09E-05,6.02E-05,3.94E-05,0,0,0,0,0,0,0,0,0,0,0,0,0,0,0,0,0,0
Venezuela,0,0,0,0,0,0,0,0,0,0,0,0,0,0,0,0,0,0,0,0,0,0,0,0,0,0,0,0,0,0,0,0.000110819,9.41E-05,6.16E-05,0,0,0,0,0,0,0,0,0,0,0,0,0,0,0,0,0,0,0,0,0,0,0,0,0,0,0,0,0,9.76E-05,0.00040004,0,9.56E-05,0,0,0,0,0,0,0,0,0,0,0,0,0,0,0,0,0,0,0,0,0,0,0,0,0,0,0,0,0,0,0,0,0,0,0,0,0,0,0,0,0,0,0,0,0,0,0,0,0,0,0,0,0,0,0,0,0.000110819,9.41E-05,6.16E-05,0,0,0,0,0,0,0,0,0,0,0,0,0,0,0,0,0,0